ID,Title,Company,Locations,Salary String,Min Salary,Max Salary,Source,URL,Publication Date,Category,Description
themuse-21386576,Staff ML Infrastructure Engineer - Embodied AI Offboard Perception,General Motors,"Flexible / Remote, Sunnyvale, CA","$189,300.00 to $290,700.00",189300,290700,The Muse,https://www.themuse.com/jobs/generalmotors/staff-ml-infrastructure-engineer-embodied-ai-offboard-perception,2026-04-30T20:03:36Z,Engineering & Tech,"Description At General Motors, our product teams are redefining mobility. Through a human-centered design process, we create vehicles and experiences that are designed not just to be seen, but to be felt. We're turning today's impossible into tomorrow's standard -from breakthrough hardware and batte"
themuse-21611639,Distinguished Engineer (Remote - Eligible),Capital One,"Cambridge, MA, Flexible / Remote, McLean, VA, New York, NY, Richmond, VA","$244,700 - $279,200",244700,279200,The Muse,https://www.themuse.com/jobs/capitalone/distinguished-engineer-remote-eligible-9d0012,2026-04-22T20:00:54Z,Engineering & Tech,"Distinguished Engineer (Remote - Eligible) As a Distinguished Engineer at Capital One, you will be a part of a community of technical experts working to define the future of banking in the cloud. You will work alongside our talented team of developers, machine learning experts, product managers and "
themuse-21637950,Technical Program Management Director,Salesforce,"Atlanta, GA, Austin, TX, Flexible / Remote, New York, NY","$150,100 - $273,000",150100,273000,The Muse,https://www.themuse.com/jobs/salesforce/technical-program-management-director-826d99,2026-06-12T20:32:57Z,Marketing & PR,"To get the best candidate experience, please consider applying for a maximum of 3 roles within 12 months to ensure you are not duplicating efforts. Job Category Program &amp; Project Management Job Details About Salesforce Salesforce is the #1 AI CRM, where humans with agents drive customer success "
themuse-20902931,"Staff Protocol Engineer, EVM",Ava Labs,"Flexible / Remote, New York, NY","$253,479 to $269,321",253479,269321,The Muse,https://www.themuse.com/jobs/avalabs/staff-protocol-engineer-evm,2025-12-11T23:31:31Z,Engineering & Tech,"Applicant Privacy Notice Looking to join a world-class blockchain development team? Ava Labs makes it simple to deploy high-performance solutions for Web3, led by innovations on Avalanche. The company was founded by Cornell computer scientists, who partnered with Wall Street veterans and early Web3 "
themuse-20286758,Engineering Manager (Consumer - Growth),Coinbase,"Atlanta, GA, Austin, TX, Berkeley, CA, Boston, MA, Buffalo, NY, Charlotte, NC, Chicago, IL, Columbus, OH, Concord, CA, Corte Madera, CA, Dallas, TX, Denver, CO, Detroit, MI, Durham, NC, Fayetteville, NC, Flexible / Remote, Fort Worth, TX, Houston, TX, Irvine, CA, Las Vegas, NV, Los Angeles, CA, Manhattan, NY, Marietta, GA, Miami, FL, Minneapolis, MN, Mountain View, CA, New York, NY, Newark, NJ, Newport Beach, CA, Niagara Falls, NY, Oceanside, CA, Orlando, FL, Philadelphia, PA, Phoenix, AZ, Portland, OR, Queens, NY, Raleigh, NC, Reno, NV, Rosemead, CA, Roxbury, NJ, Salt Lake City, UT, San Antonio, TX, San Diego, CA, San Francisco, CA, San Jose, CA, San Luis Obispo, CA, Santa Barbara, CA, Santa Monica, CA, Seattle, WA, St. Petersburg, FL, Sunnyvale, CA, Tampa, FL, Washington, DC","$218,025-$256,500",218025,256500,The Muse,https://www.themuse.com/jobs/coinbase/engineering-manager-consumer-growth,2026-01-28T23:58:53Z,Engineering & Tech,"Ready to be pushed beyond what you think you're capable of? At Coinbase, our mission is to increase economic freedom in the world. It's a massive, ambitious opportunity that demands the best of us, every day, as we build the emerging onchain platform - and with it, the future global financial system"
themuse-21791201,"Sr Manager, Lead Delivery Leader",Deloitte,"Atlanta, GA, Austin, TX, Baltimore, MD, Birmingham, AL, Boise, ID, Buffalo, NY, Charlotte, NC, Chicago, IL, Cincinnati, OH, Cleveland, OH, Colorado Springs, CO, Columbus, OH, Dallas, TX, Dayton, OH, Denver, CO, Des Moines, IA, Detroit, MI, Flexible / Remote, Fort Worth, TX, Fresno, CA, Grand Rapids, MI, Hartford, CT, Hendersonville, TN, Houston, TX, Huntsville, AL, Indianapolis, IN, Jacksonville, FL, Kansas City, MO, Las Vegas, NV, Louisville, KY, Mechanicsburg, PA, Memphis, TN, Miami, FL, Midland, MI, Milwaukee, WI, Minneapolis, MN, Nashville, TN, New Orleans, LA, Omaha, NE, Philadelphia, PA, Pittsburgh, PA, Portland, OR, Raleigh, NC, Richmond, VA, Rochester, MA, Rock Island, IL, Sacramento, CA, Salt Lake City, UT, San Antonio, TX, San Diego, CA, Tallahassee, FL, Tampa, FL, Tempe, AZ, Tulsa, OK","$124,600 to $255,900",124600,255900,The Muse,https://www.themuse.com/jobs/deloitte/sr-manager-lead-delivery-leader,2026-05-29T19:09:55Z,Engineering & Tech,"Position Summary Deloitte is seeking a Senior Manager, Product Delivery to drive strategy, execution, and continuous improvement across tax technology products that support critical business capabilities. This leader will work across product, engineering, architecture, and business stakeholders to s"
themuse-17445521,"Staff Product Designer, Growth",GlossGenius,"Flexible / Remote, New York, NY","$210,000-$250,000",210000,250000,The Muse,https://www.themuse.com/jobs/glossgenius/staff-product-designer-growth,2025-01-27T23:36:58Z,Design & Creative,"About GlossGenius GlossGenius is building an ecosystem enabling entrepreneurs to succeed. We empower small business owners to focus on being creators, not admins, by offering a range of business management tools including booking and scheduling, marketing, analytics, payment processing and much more"
themuse-21720640,"Staff Software Engineer, Simulation",General Motors,"Flexible / Remote, Sunnyvale, CA","$160,200 - $246,300",160200,246300,The Muse,https://www.themuse.com/jobs/generalmotors/staff-software-engineer-simulation-9bac82,2026-05-15T23:55:27Z,Engineering & Tech,"Description The Role: General Motors is a global leader in advanced driver assistance. With Super Cruise hands-free technology in more than 500,000 Super Cruise-equipped vehicles on the road, and over 700 million hands-free miles driven, GM is proving that automation can be trusted, intuitive, and h"
themuse-20952724,Senior Machine Learning Engineer - ML Training Infrastructure,General Motors,"Flexible / Remote, Mountain View, CA, Sunnyvale, CA","$170,000 to $240,000",170000,240000,The Muse,https://www.themuse.com/jobs/generalmotors/senior-machine-learning-engineer-ml-training-infrastructure,2026-06-03T23:58:04Z,Engineering & Tech,"Description The Role: We are seeking an experienced, technical oriented, impact delivering-driven expert in ML Training Infrastructure with a strong ability to execute hands-on technical work. In this role, you will be responsible for designing and building scalable, reliable, and high-performance A"
themuse-21775751,"Associate Director, Insurance Product Employer Subsidized & Emerging Solutions",Oscar Health,"Flexible / Remote, New York, NY","$180,504- $236,911 per year",180504,236911,The Muse,https://www.themuse.com/jobs/oscarhealth/associate-director-insurance-product-employer-subsidized-emerging-solutions,2026-06-08T23:34:59Z,Engineering & Tech,"Hi, we're Oscar. We're hiring an Associate Director, Insurance Product Employer Subsidized &amp; Emerging Solutions to join our Insurance Product Development team. Oscar is the first health insurance company built around a full stack technology platform and a relentless focus on serving our members."
themuse-20773663,"Software Engineer, Data Platform ",GlossGenius,"Flexible / Remote, New York, NY, San Francisco, CA","$200,000 - $236,000",200000,236000,The Muse,https://www.themuse.com/jobs/glossgenius/software-engineer-data-platform,2026-06-10T23:34:57Z,Engineering & Tech,"About GlossGenius GlossGenius is the AI-powered system behind the world’s most meaningful appointments, helping 100,000+ service businesses earn more revenue and free up time for the work they love. Our agentic workforce gets more clients in the door, grows profit per appointment, and keeps clients "
curated-nys-hbits-cloud-sec,NYS HBITS Expert Cloud Security Architect,Tech Valley Talent,"Albany, NY, Remote","$190,000 - $220,000 ($95 - $110 / hour)",190000,220000,Dice (HBITS Prime),https://www.dice.com/job-detail/nys-hbits-expert-cloud-security-architect-tech-valley-talent-albany-ny-12207,2026-06-12T20:46:25.647Z,Engineering & Tech,"TECH VALLEY TALENT is hiring a fully remote Expert Cloud Security Architect for a New York State (NYS) government contract. Requires 84+ months of experience designing secure AWS cloud architectures, Terraform scripts, and identity access management policies."
themuse-20025641,"Staff Backend Engineer, Institutional Custody",Ava Labs,"Flexible / Remote, New York, NY","$185,000 - $219,000",185000,219000,The Muse,https://www.themuse.com/jobs/avalabs/staff-backend-engineer-institutional-custody,2026-01-05T23:31:08Z,Engineering & Tech,"Applicant Privacy Notice Looking to join a world-class blockchain development team? Ava Labs makes it simple to deploy high-performance solutions for Web3, led by innovations on Avalanche. The company was founded by Cornell computer scientists, who partnered with Wall Street veterans and early Web3 "
themuse-21624247,"Associate Director, Tax",Oscar Health,"Flexible / Remote, New York, NY","$162,453 - $213,220 per year",162453,213220,The Muse,https://www.themuse.com/jobs/oscarhealth/associate-director-tax-3f8503,2026-04-24T23:32:36Z,Sales & Account Management,"Hi, we're Oscar. We're hiring an Associate Director, Tax to join our Finance. Oscar is the first health insurance company built around a full stack technology platform and a relentless focus on serving our members. We started Oscar in 2012 to create the kind of health insurance company we would want"
curated-nyc-mta-peoplesoft,NYC MTA Expert PeopleSoft Developer,IIT Inc.,"New York, NY, Remote","$180,000 - $210,000 ($90 - $105 / hour)",180000,210000,Dice (NYC Vendor),https://www.dice.com/job-detail/nyc-mta-peoplesoft-developer-iit-inc-new-york-ny-10001,2026-06-12T20:46:25.647Z,Engineering & Tech,Seeking an Expert PeopleSoft Developer for a remote contract with the Metropolitan Transportation Authority (MTA) in New York City. Candidate will support PeopleSoft Financials/HRMS upgrade. 84+ months experience required.
curated-nys-hbits-java-arch,NYS HBITS Expert Java Developer / Architect,Avenues International Inc.,"Albany, NY, Remote","$170,000 - $200,000 ($85 - $100 / hour)",170000,200000,Dice (HBITS Prime),https://www.dice.com/job-detail/nys-hbits-expert-java-developer-avenues-international-inc-albany-ny-12207,2026-06-12T20:46:25.638Z,Engineering & Tech,"Seeking an Expert Java Developer / Architect for a 30-month New York State (NYS) HBITS contract. The role is 100% remote. Candidate must have 84+ months of experience in Java/JEE, Spring Boot, Microservices, and cloud database integrations."
themuse-19525639,"Senior Backend Engineer, Institutional Custody",Ava Labs,"Flexible / Remote, New York, NY","$159,000 to $199,000",159000,199000,The Muse,https://www.themuse.com/jobs/avalabs/senior-backend-engineer-institutional-custody,2026-01-05T23:31:08Z,Engineering & Tech,"Applicant Privacy Notice Looking to join a world-class blockchain development team? Ava Labs makes it simple to deploy high-performance solutions for Web3, led by innovations on Avalanche. The company was founded by Cornell computer scientists, who partnered with Wall Street veterans and early Web3 "
themuse-20169970,"Senior Software Engineer, Institutional Custody",Ava Labs,"Flexible / Remote, New York, NY","$158,440 to $198,050",158440,198050,The Muse,https://www.themuse.com/jobs/avalabs/senior-software-engineer-institutional-custody,2025-12-09T23:31:43Z,Engineering & Tech,"Applicant Privacy Notice Looking to join a world-class blockchain development team? Ava Labs makes it simple to deploy high-performance solutions for Web3, led by innovations on Avalanche. The company was founded by Cornell computer scientists, who partnered with Wall Street veterans and early Web3 "
themuse-21089772,Senior Product Designer - Institutional Custody,Ava Labs,"Flexible / Remote, New York, NY","$153,006 to $191,257",153006,191257,The Muse,https://www.themuse.com/jobs/avalabs/senior-product-designer-institutional-custody,2026-01-12T18:31:31Z,Design & Creative,"Applicant Privacy Notice Looking to join a world-class blockchain development team? Ava Labs makes it simple to deploy high-performance solutions for Web3, led by innovations on Avalanche. The company was founded by Cornell computer scientists, who partnered with Wall Street veterans and early Web3 "
curated-nyc-doitt-sys-eng,NYC DoITT Senior Systems Engineer (Contractor),Spruce Technology Inc.,"New York, NY, Remote","$160,000 - $190,000 ($80 - $95 / hour)",160000,190000,Dice (NYC Vendor),https://www.dice.com/job-detail/nyc-doitt-senior-systems-engineer-spruce-technology-new-york-ny-10007,2026-06-12T20:46:25.647Z,Engineering & Tech,"Seeking a fully remote Senior Systems Engineer for a contract engagement with the NYC Department of Information Technology and Telecommunications (DoITT). Requires 7+ years of experience with enterprise systems, Windows/Linux server management, and cloud migration."
curated-nys-its-mainframe,NYS ITS Expert Mainframe Programmer,CTS Albany,"Albany, NY, Remote","$170,000 - $190,000 ($85 - $95 / hour)",170000,190000,Dice (HBITS Prime),https://www.dice.com/job-detail/nys-its-expert-mainframe-programmer-cts-albany-ny-12207,2026-06-12T20:46:25.647Z,Engineering & Tech,"Seeking an Expert Cobol/Mainframe Programmer for a fully remote contract engagement with the NYS Office of Information Technology Services (ITS). Requires 84+ months of experience in COBOL, JCL, CICS, and DB2."
curated-nys-hbits-oracle-dba,NYS HBITS Expert Oracle Database Administrator,Knowledge Builders Inc.,"Albany, NY, Remote","$160,000 - $185,000 ($80 - $92.50 / hour)",160000,185000,Dice (HBITS Prime),https://www.dice.com/job-detail/nys-hbits-expert-oracle-dba-knowledge-builders-inc-albany-ny-12207,2026-06-12T20:46:25.647Z,Data & Analytics,"Seeking an Expert Oracle DBA for an active New York State agency contract. 100% remote. Requires 84+ months of experience with Oracle database administration, PL/SQL, performance tuning, and backup recovery under the HBITS contract framework."
curated-nys-ogs-security,NYS OGS Senior IT Security Specialist,MVP Consulting Plus,"Albany, NY, Remote","$160,000 - $185,000 ($80 - $92.50 / hour)",160000,185000,Dice (HBITS Prime),https://www.dice.com/job-detail/nys-ogs-senior-security-mvp-consulting-albany-ny-12207,2026-06-12T20:46:25.647Z,Engineering & Tech,"Seeking a Senior IT Security Specialist for a fully remote contract with the NYS Office of General Services (OGS). Candidate will support security compliance, vulnerability management, and incident response. 7+ years experience required."
curated-nyc-hh-pm,NYC Health + Hospitals Remote Senior Project Manager,Voyatek,"New York, NY, Remote","$150,000 - $180,000 ($75 - $90 / hour)",150000,180000,Dice (NYC Vendor),https://www.dice.com/job-detail/nyc-h-h-senior-project-manager-voyatek-new-york-ny-10013,2026-06-12T20:46:25.647Z,Product & Project Management,Seeking a Senior Project Manager for a fully remote contract doing work for the NYC Health + Hospitals (H+H) electronic medical records system integration. Requires 7+ years PM experience in healthcare IT.
themuse-21771462,"Product Manager, Network",Oscar Health,"Flexible / Remote, New York, NY","$135,792.00 - $178,227.00 per year",135792,178227,The Muse,https://www.themuse.com/jobs/oscarhealth/product-manager-network-330ae2,2026-05-26T23:32:05Z,Product & Project Management,"Hi, we're Oscar. We're hiring three Product Managers to join our Product team.&nbsp; Oscar is the first health insurance company built around a full stack technology platform and a relentless focus on serving our members. We started Oscar in 2012 to create the kind of health insurance company we wou"
curated-nys-hbits-net-dev,NYS HBITS Expert .NET Developer,GENESYS Consulting Services,"Albany, NY, Remote","$150,000 - $175,000 ($75 - $87.50 / hour)",150000,175000,Dice (HBITS Prime),https://www.dice.com/job-detail/nys-hbits-expert-net-developer-genesys-consulting-albany-ny-12207,2026-06-12T20:46:25.647Z,Engineering & Tech,"GENESYS is hiring a fully remote Expert .NET Developer for a 24-month contract with a New York State agency. Requires 84+ months of experience in C#, ASP.NET, MVC, SQL Server, and Web API development."
curated-nys-doh-ba,NYS Department of Health Expert Business Analyst,Cogent Infotech,"Albany, NY, Remote","$150,000 - $170,000 ($75 - $85 / hour)",150000,170000,Dice (HBITS Prime),https://www.dice.com/job-detail/nys-doh-expert-ba-cogent-infotech-albany-ny-12207,2026-06-12T20:46:25.647Z,Product & Project Management,"Seeking an Expert Business Analyst for a New York State Department of Health (DOH) contract. 100% remote. 84+ months experience gathering requirements, writing functional specifications, and conducting user acceptance testing."
themuse-21725945,"Account-Based Marketing Manager, AMER Greenfield",Atlassian,"Austin, TX, Flexible / Remote, New York, NY, San Francisco, CA, Washington, DC","$127,800 - $166,850",127800,166850,The Muse,https://www.themuse.com/jobs/atlassian/accountbased-marketing-manager-amer-greenfield,2026-05-18T19:46:39Z,Marketing & PR,"Working at Atlassian Atlassians can choose where they work whether in an office, from home, or a combination of the two. That way, Atlassians have more control over supporting their family, personal goals, and other priorities. We can hire people in any country where we have a legal entity. Atlassia"
themuse-21482325,"Senior Claims Specialist, Financial Lines Professional Liability",Liberty Mutual Insurance,"Flexible / Remote, New York, NY","$150,000 - $180,000 (Est. Senior Market Rate)",150000,165000,The Muse,https://www.themuse.com/jobs/libertymutualinsurance/senior-claims-specialist-financial-lines-professional-liability,2026-04-13T20:31:46Z,Marketing & PR,"Description Liberty Mutual has an immediate opening for a Senior Claims Specialist, Financial Lines Management Liability position. In this role, with minimal supervision, the Senior Claims Specialist, Financial Lines Management Liability handles a book of Private Company and Not-For-Profit Directors"
themuse-18238963,DBU - Data Architect,Cummins,Flexible / Remote,$768,768000,768000,The Muse,https://www.themuse.com/jobs/cummins/dbu-data-architect,2025-04-10T12:08:10Z,Engineering & Tech,"DESCRIPTION We are looking for a talented DBU - Data Architect to join our team remotely, specializing in Systems/Information Technology for our Cummins' business in Indianapolis, IN. In this role, you will make an impact in the following ways: Automating Data Ingestion and Transformation: By design"
themuse-20153775,Radiologist Body Imaging - Radiology - Kelsey-Seybold - Remote,Optum,Flexible / Remote,"$459,000 to $739,000",459000,739000,The Muse,https://www.themuse.com/jobs/optum/radiologist-body-imaging-radiology-kelseyseybold-remote,2025-09-06T18:36:29Z,Other Professional,"Explore opportunities with Kelsey-Seybold Clinic, part of the Optum family of businesses. Work with one of the nation's leading health care organizations and build your career at one of our 40+ locations throughout Houston. Be part of a team that is nationally recognized for delivering coordinated a"
themuse-21797137,Life Sciences Technical Architect Director,Salesforce,"Denver, CO, Flexible / Remote, Phoenix, AZ, Tempe, AZ","$197,300 - $313,700",197300,313700,The Muse,https://www.themuse.com/jobs/salesforce/life-sciences-technical-architect-director,2026-05-30T19:59:07Z,Engineering & Tech,"To get the best candidate experience, please consider applying for a maximum of 3 roles within 12 months to ensure you are not duplicating efforts. Job Category Customer Success Job Details About Salesforce Salesforce is the #1 AI CRM, where humans with agents drive customer success together. Here, "
themuse-19428925,Senior Machine Learning Engineer,Atlassian,"Flexible / Remote, San Francisco, CA, Seattle, WA","$232,200 - $303,150",232200,303150,The Muse,https://www.themuse.com/jobs/atlassian/senior-machine-learning-engineer-b7ced0,2025-09-24T19:20:05Z,Engineering & Tech,"Working at Atlassian Atlassians can choose where they work whether in an office, from home, or a combination of the two. That way, Atlassians have more control over supporting their family, personal goals, and other priorities. We can hire people in any country where we have a legal entity. Intervie"
themuse-21843220,"Director, Enterprise Operations",DoorDash,Flexible / Remote,"$204,000-$300,000",204000,300000,The Muse,https://www.themuse.com/jobs/doordash/director-enterprise-operations,2026-06-12T19:30:35Z,Marketing & PR,"About the Team The Enterprise Operations team is the operational backbone of Global IT at DoorDash. We keep employees productive and technology running reliably across DoorDash, Wolt, and Deliveroo, owning everything from service desk delivery and hardware lifecycle management to device supply chain"
themuse-21843231,"Staff Security Engineer, Customer Support and Integrity",DoorDash,Flexible / Remote,"$193,800-$285,000",193800,285000,The Muse,https://www.themuse.com/jobs/doordash/staff-security-engineer-customer-support-and-integrity,2026-06-12T19:30:35Z,Engineering & Tech,"About the Team At DoorDash we're building the industry's most scalable and reliable delivery network to support our three-sided marketplace of consumers, merchants, and Dashers. Security is paramount to the success of our business, and DoorDash Security aspires to be the world's best security team. "
themuse-21829413,"Staff Security Engineer, Proactive Security",DoorDash,Flexible / Remote,"$193,800-$285,000",193800,285000,The Muse,https://www.themuse.com/jobs/doordash/staff-security-engineer-proactive-security-ef67a2,2026-06-09T19:24:56Z,Engineering & Tech,"About the Team At DoorDash we're building the industry's most scalable and reliable delivery network to support our three-sided marketplace of consumers, merchants, and Dashers. Security is paramount to the success of our business, and DoorDash Security aspires to be the world's most admired securit"
themuse-21611000,"Engineering Manager, Red Team",DoorDash,Flexible / Remote,"$193,800-$285,000",193800,285000,The Muse,https://www.themuse.com/jobs/doordash/engineering-manager-red-team,2026-05-23T19:12:58Z,Engineering & Tech,"About the Team DoorDash's Red Team exists to find critical attack paths before real adversaries do. We operate across the full adversary simulation lifecycle - scoping threat-informed engagements, executing realistic attack chains, and working with engineering and detection teams to close the gaps w"
themuse-19426527,"Psychiatrist, Medical Consultant- Remote",Unum Group,Flexible / Remote,"$133,500.00-$274,100.00",133500,274100,The Muse,https://www.themuse.com/jobs/unumgroup/psychiatrist-medical-consultant-remote,2025-07-28T22:00:22Z,HR & Operations,"When you join the team at Unum, you become part of an organization committed to helping you thrive. Here, we work to provide the employee benefits and service solutions that enable employees at our client companies to thrive throughout life's moments. And this starts with ensuring that every one of "
themuse-21647905,Private Tax - PFS - Seasonal Manager,PwC,Flexible / Remote,"$99,000 - $266,000",99000,266000,The Muse,https://www.themuse.com/jobs/pwc/private-tax-pfs-seasonal-manager,2026-05-22T19:57:48Z,Sales & Account Management,"At PwC, our people in tax services focus on providing advice and guidance to clients on tax planning, compliance, and strategy. These individuals help businesses navigate complex tax regulations and optimise their tax positions. In private tax at PwC, you will focus on providing personalised tax pla"
themuse-21576547,"Director, Clinical Excellence and Education",Headway,Flexible / Remote,"$ 170,000 - $ 265,000",170000,265000,The Muse,https://www.themuse.com/jobs/headway/director-clinical-excellence-and-education,2026-05-15T18:34:38Z,Other Professional,"1 in 4 people in the US have a treatable mental health condition, but most providers don't accept insurance, making therapy too expensive for most people. Headway’s mission is to fix this by building a new mental healthcare system everyone can access. We started by solving the biggest barrier to car"
themuse-21772541,Record to Report (R2R) Global Process Leader - US Remote,Henry Schein,Flexible / Remote,"$184,000 - $263,000",184000,263000,The Muse,https://www.themuse.com/jobs/henryschein/record-to-report-r2r-global-process-leader-us-remote,2026-05-27T18:56:44Z,Marketing & PR,"JOB OVERVIEW: This role owns end-to-end process performance and strategy for the Record-to-Report (R2R tower, from global process design and standardization through to BPO vendor governance and business stakeholder accountability. The R2R GPL is the single point of accountability for service outcome"
themuse-21775683,Independent Contractor - Food Safety Consultant,"J. J. Keller & Associates, Inc.","Flexible / Remote, Neenah, WI",$100.00 to $130.00,200000,260000,The Muse,https://www.themuse.com/jobs/jjkellerassociatesinc/independent-contractor-food-safety-consultant,2026-05-28T23:29:26Z,Other Professional,"Requisition #: 19074 Functional Area: Consulting Employment Type: Independent Contractor Work Options: Remote / Work from Home in the US #LI-Remote Work Hours: As needed to fulfill contract requirements Posting J. J. Keller &amp; Associates, Inc. is a North American organization providing innovative"
themuse-17972257,Head of North America Mass Market Sales,Zoom,Flexible / Remote,"$258,900.00",258900,258900,The Muse,https://www.themuse.com/jobs/zoom/head-of-north-america-mass-market-sales,2025-02-28T00:11:18Z,Sales & Account Management,"Head of North America Mass Market Sales Zoom seeks a transformational North America Mass Market Sales Leader to serve as a key member and business leader within the go-to-market organization. The North America Mass Market Sales Leader will be an influential leader, transforming business outcomes and"
themuse-21630112,Senior ServiceNow Developer,Zillow,Flexible / Remote,"$160,900.00 - $257,100.00",160900,257100,The Muse,https://www.themuse.com/jobs/zillow/senior-servicenow-developer-5e43dd,2026-04-26T18:29:32Z,Engineering & Tech,"About the team The Enterprise Applications Engineering team builds and supports the internal platforms and tools that help Zillow employees work more efficiently. This team partners across Product, People, Technology, and Engineering to deliver scalable, secure solutions that improve day-to-day prod"
themuse-21435748,"Manager, Product Management",Zillow,Flexible / Remote,"$160,500.00 - $256,500.00",160500,256500,The Muse,https://www.themuse.com/jobs/zillow/manager-product-management-25575a,2026-03-16T18:29:36Z,Marketing & PR,"About the team Zillow Group is revolutionizing the way people unlock life's next chapter! We're on a mission to help high-intent movers find and win their home through digital solutions, first class partners, and easier buying, selling, financing, and renting experiences; and we're at the forefront "
themuse-21360350,Director of EPC Transmission Line Engineering,Leidos,Flexible / Remote,"$139,100.00 - $251,450.00",139100,251450,The Muse,https://www.themuse.com/jobs/leidos/director-of-epc-transmission-line-engineering-410138,2026-03-03T18:59:34Z,Engineering & Tech,"Description Leidos is seeking a Director of EPC Transmission Line Engineering who will manage a collaborative and dynamic team working in a fast- paced environment, solving challenging problems involved with electric transmission. The successful candidate will serve as a Lead Engineer and Subject Ma"
themuse-21290344,Principal Marketing Strategy Manager,Zillow,Flexible / Remote,"$153,600.00 - $245,400.00",153600,245400,The Muse,https://www.themuse.com/jobs/zillow/principal-marketing-strategy-manager,2026-06-03T18:29:27Z,Marketing & PR,"About the team The Marketing Strategy team blends strategic problem-solving with analytical rigor to fuel growth across Zillow's portfolio. Operating as an internal strategy function, we partner closely with senior leaders in Marketing to deliver tangible business impact. Our work spans strategic an"
themuse-21716781,"Security Engineer, Detection & Response",Liftoff,"Flexible / Remote, Reedley, CA","$200,000 - $240,000",200000,240000,The Muse,https://www.themuse.com/jobs/liftoff/security-engineer-detection-response,2026-06-11T23:35:18Z,Engineering & Tech,"Liftoff is a leading AI-powered performance marketing platform for the mobile app economy. Our end-to-end technology stack helps app marketers acquire and retain high-value users, while enabling publishers to maximize revenue across programmatic and direct demand. Liftoff’s solutions, including Acce"
themuse-21816450,Regional Sales Manager - East,SP Industries Inc.,"Boston, MA, Flexible / Remote, Philadelphia, PA",$120,240000,240000,The Muse,https://www.themuse.com/jobs/spindustriesinc/regional-sales-manager-east,2026-06-07T00:09:37Z,Sales & Account Management,"SP Industries Inc ., an ATS company, is searching for a Regional Sales Manager - East to join our team! The Regional Sales Manager - East is responsible for leading and developing a high-performing team of 4-6 Territory Account Managers focused on driving profitable growth across the Life Sciences p"
themuse-21732587,SME Software Engineer Lead,Leidos,Flexible / Remote,"$131,300.00 - $237,350.00",131300,237350,The Muse,https://www.themuse.com/jobs/leidos/sme-software-engineer-lead-bdfaf1,2026-05-20T19:21:23Z,Engineering & Tech,"Description This Department of War enterprise data and analytics program delivers mission-critical capabilities that enable leaders across the Department to make faster, better-informed decisions using trusted data at scale. Leidos Digital Modernization sector is seeking an experienced SME Software "
themuse-21616893,"Senior Threat Response Engineer, Security Operations",DoorDash,Flexible / Remote,"$159,800-$235,000",159800,235000,The Muse,https://www.themuse.com/jobs/doordash/senior-threat-response-engineer-security-operations,2026-05-31T19:05:38Z,Engineering & Tech,"About the Team At DoorDash we're building the industry's most scalable and reliable delivery network to support our three-sided marketplace of consumers, merchants, and Dashers. Security is integral to the success of the business, as we secure the data and protect the privacy of our business and var"
themuse-21457771,"Senior Security Engineer, Red Team",DoorDash,Flexible / Remote,"$159,800-$235,000",159800,235000,The Muse,https://www.themuse.com/jobs/doordash/senior-security-engineer-red-team,2026-05-23T19:13:01Z,Engineering & Tech,"About the Team At DoorDash we're building the industry's most scalable and reliable delivery network to support our three-sided marketplace of consumers, merchants, and Dashers. Security is paramount to the success of our business, and DoorDash Security aspires to be the world's best security team. "
themuse-18405036,Prime Named Account Executive,Salesforce,Flexible / Remote,"$172,850 to $231,200",172850,231200,The Muse,https://www.themuse.com/jobs/salesforce/prime-named-account-executive-2f60b8,2025-04-03T13:07:35Z,Sales & Account Management,"To get the best candidate experience, please consider applying for a maximum of 3 roles within 12 months to ensure you are not duplicating efforts. Job Category Sales Job Details About Salesforce We're Salesforce, the Customer Company, inspiring the future of business with AI+ Data +CRM. Leading wit"
themuse-21423869,Staff Product Manager - Apply & Checkout Experience,Koalafi,Flexible / Remote,"$150,000-$225,000 per year",150000,225000,The Muse,https://www.themuse.com/jobs/koalafi/staff-product-manager-apply-checkout-experience,2026-06-05T18:29:13Z,Product & Project Management,"At Koalafi, we believe in a world where no one has to put an important purchase on hold. That’s why we’re making it easier for more people to pay for big purchases over time. Retailers across the country rely on us to offer flexible lease-to-own financing to their non-prime consumers, while increasi"
themuse-21625227,Senior Director - Business Development Finance,GE Vernova,"Atlanta, GA, Flexible / Remote","$225,000",225000,225000,The Muse,https://www.themuse.com/jobs/gevernova/senior-director-business-development-finance-7f0024,2026-06-03T18:31:09Z,Sales & Account Management,"Job Description Summary The Director - Business Development Finance is a senior finance executive responsible for driving the financial strategy, evaluation, and execution of the company's business development initiatives. This role partners closely with the Business Development (BD) team and senior"
remotive-2090881,Business Transformation Lead,Expion Health,USA,$175k - $225k,175000,225000,Remotive,https://remotive.com/remote-jobs/artificial-intelligence/business-transformation-lead-2090881,2026-05-13T06:46:26,Other Professional,"Title : Business Transformation Lead Location : Fully Remote Reports To : President, Service &amp; Growth Expion Health is building the future of pharmacy economics. As architects of prescription economics, we design how pharmacy value is created, aligning cost, clinical decisions, and performance i"
themuse-21592113,"Director, Market Access Strategy",iRhythm Technologies,Flexible / Remote,"$170,000.00 - $221,000.00",170000,221000,The Muse,https://www.themuse.com/jobs/irhythmtechnologies/director-market-access-strategy,2026-04-17T19:51:26Z,HR & Operations,"Career-defining. Life-changing. At iRhythm, you'll have the opportunity to grow your skills and your career while impacting the lives of people around the world. iRhythm is shaping a future where everyone, everywhere can access the best possible cardiac health solutions. Every day, we collaborate, c"
themuse-20552796,"Senior Software Engineering Manager, Patient & Provider Experiences",Labcorp,Flexible / Remote,"$180,000.00 - $220,000.00",180000,220000,The Muse,https://www.themuse.com/jobs/labcorp/senior-software-engineering-manager-patient-provider-experiences,2026-06-12T20:22:55Z,Engineering & Tech,"Labcorp is a global leader in diagnostic testing and drug development solutions, helping healthcare providers, researchers, and patients make informed decisions that advance care. Join us in our mission to improve health and improve lives. Work Schedule This is a full-time, exempt (salaried) positio"
themuse-20512911,"AI Specialist, Identity and Access Management (IAM)",Meta,Flexible / Remote,"$219,000/year",219000,219000,The Muse,https://www.themuse.com/jobs/meta/ai-specialist-identity-and-access-management-iam,2026-01-28T19:29:13Z,Other Professional,"Protecting Meta's data and workforce is an explicit top priority for the company. We are part of Security Foundations within the Cross-Meta Security team, dedicated to building and supporting the critical security components of our infrastructure.Our mission is to prevent security incidents for Meta"
themuse-21562602,"Director, Business Development (Retail Media) - Capital One Ad Solutions (Remote)",Capital One,"Flexible / Remote, Richmond, VA","$187,300 - $213,700",187300,213700,The Muse,https://www.themuse.com/jobs/capitalone/director-business-development-retail-media-capital-one-ad-solutions-remote,2026-04-15T20:13:03Z,Sales & Account Management,"Director, Business Development (Retail Media) - Capital One Ad Solutions (Remote) Capital One Ad Solutions is looking for a Director, Business Development (Retail Media) to join the Partnerships Team. You'll be responsible for partnering with our top merchants to help them succeed leveraging Capital"
themuse-21835989,Regional Sales Manager for Automation and Communciation,Hitachi Energy,Flexible / Remote,"$139,600 - $209,400",139600,209400,The Muse,https://www.themuse.com/jobs/hitachienergy/regional-sales-manager-for-automation-and-communciation-2f43db,2026-06-10T23:38:39Z,Sales & Account Management,"The Opportunity In this role, you will support Hitachi Energy's Grid Automation - Automation &amp; Communication business by helping utilities, industrial operators, and infrastructure customers adopt advanced automation and communication technologies that improve grid reliability, security, and per"
themuse-21832059,Principal Embedded Software Engineer,GE Vernova,"Flexible / Remote, Markham, Canada","$139,200.00 - 208,800.00",139200,208800,The Muse,https://www.themuse.com/jobs/gevernova/principal-embedded-software-engineer-b7d384,2026-06-10T18:31:39Z,Engineering & Tech,"Job Description Summary We are seeking a highly experienced Principal Embedded Software &amp; Firmware Engineer to provide technical leadership, architecture guidance, and hands-on engineering direction for real-time embedded systems supporting products and solutions for P&amp;C Solutions. This role"
themuse-21685390,"Senior Data Analysis Manager, GTM Analytics - Capital One Software (Remote)",Capital One,"Flexible / Remote, Richmond, VA","$182,500 - $208,300",182500,208300,The Muse,https://www.themuse.com/jobs/capitalone/senior-data-analysis-manager-gtm-analytics-capital-one-software-remote,2026-05-10T19:08:54Z,Data & Analytics,"Senior Data Analysis Manager, GTM Analytics - Capital One Software (Remote) Ever since our first credit card customer in 1994, Capital One has recognized that technology and data can enable even large companies to be innovative and personalized. As one of the first large enterprises to go all-in on "
themuse-21817248,"Director, Product Category Management - Pharmaceuticals",Henry Schein,Flexible / Remote,"$144,235 to $206,436",144235,206436,The Muse,https://www.themuse.com/jobs/henryschein/director-product-category-management-pharmaceuticals-9bdb3f,2026-06-05T18:44:16Z,Marketing & PR,"Job Description JOB OVERVIEW: This position is responsible to direct a highly complex department and/or product category with significant scope and financial and operational impact. Responsible for the management of the pharmaceutical category inclusive of Brands, Generics, and Specialty drugs and d"
themuse-21839553,"Director, Rapid Content Delivery",Pluralsight,Flexible / Remote,"$155,800 - $205,000",155800,205000,The Muse,https://www.themuse.com/jobs/pluralsight/director-rapid-content-delivery,2026-06-11T19:59:02Z,Engineering & Tech,"Job Description: The Director, Rapid Content Delivery is responsible for leading Pluralsight's rapid technical content strategy and execution, initially focused on AI and emerging technologies. This role will drive how the team identifies evolving learner needs, prioritizes high-impact content oppor"
themuse-21627488,"Manager, Revenue Planning & Sales Compensation - In-Store",DoorDash,Flexible / Remote,"$136,000-$200,000",136000,200000,The Muse,https://www.themuse.com/jobs/doordash/manager-revenue-planning-sales-compensation-instore,2026-05-23T19:12:58Z,Sales & Account Management,"About the Team The People Team's Sales Strategy &amp; Operations function plays a critical role in aligning SevenRooms' and DoorDash's commercial strategies with how we reward and motivate our go-to-market teams. We design and operationalize Sales Incentive Plans (SIPs) that drive business performan"
themuse-21633001,Incident Response Principal Consultant (Remote CAN),CrowdStrike,Flexible / Remote,"$135,000 - $200,000",135000,200000,The Muse,https://www.themuse.com/jobs/crowdstrike/incident-response-principal-consultant-remote-can,2026-04-27T23:57:13Z,Marketing & PR,"As a global leader in cybersecurity, CrowdStrike protects the people, processes and technologies that drive modern organizations. Since 2011, our mission hasn't changed - we're here to stop breaches, and we've redefined modern security with the world's most advanced AI-native platform. Our customers"
themuse-21582586,Senior Ad Ops Engineer,General Motors,Flexible / Remote,"$129,400 - $198,400",129400,198400,The Muse,https://www.themuse.com/jobs/generalmotors/senior-ad-ops-engineer,2026-04-30T20:04:05Z,Engineering & Tech,"Description The Role As a Senior Ad Ops Engineer within the Marketing Applied Sciences organization, you will be responsible for architecting and developing advanced, well managed, and reusable data products that support marketing activation, analytics, and insights. You will work extensively with m"
themuse-21807477,Senior DevOps Engineer,Leidos,Flexible / Remote,"$107,900.00 - $195,050.00",107900,195050,The Muse,https://www.themuse.com/jobs/leidos/senior-devops-engineer-fef42c,2026-06-03T18:55:33Z,Engineering & Tech,Description The Defense Sector at Leidos is seeking a Senior DevOps Engineer to support an agile development team building .Net applications primarily for on-premise environments. The role focuses on supporting existing infrastructure and helping design and build future infrastructure needs. The ide
themuse-21756058,Electrical Engineer,Leidos,Flexible / Remote,"$107,900.00 - $195,050.00",107900,195050,The Muse,https://www.themuse.com/jobs/leidos/electrical-engineer-ee129a,2026-05-22T18:58:39Z,Engineering & Tech,Description Leidos is seeking an Electrical Engineer to join our National Airspace Systems Integration Support (NISC) program to provide support to the Federal Aviation Administration (FAA) performing design engineering and project management for critical power distribution systems used in air traff
themuse-21682254,Lead Substation Project Engineer,Leidos,Flexible / Remote,"$107,900.00 - $195,050.00",107900,195050,The Muse,https://www.themuse.com/jobs/leidos/lead-substation-project-engineer,2026-05-09T18:56:05Z,Engineering & Tech,"Description Looking for an opportunity to make an impact? At Leidos, we deliver innovative solutions through the efforts of our diverse and talented people who are dedicated to our customers' success. Everything we do is built on a commitment to do the right thing for our customers, our people, and "
themuse-21704241,Senior Compensation Design Specialist,DoorDash,Flexible / Remote,"$132,600-$195,000",132600,195000,The Muse,https://www.themuse.com/jobs/doordash/senior-compensation-design-specialist,2026-05-30T19:20:14Z,Data & Analytics,"About the Team The Compensation team designs and manages programs aimed at motivating and retaining top talent and enabling our Pay for Performance philosophy. Our work impacts every employee globally through the programs we administer. As part of the Total Rewards function, the Global Compensation "
themuse-21626708,Managing Engineer - Security,Allstate,Flexible / Remote,"$120,000 - 195,000",120000,195000,The Muse,https://www.themuse.com/jobs/allstate/managing-engineer-security-877557,2026-04-25T19:07:11Z,Engineering & Tech,"At Allstate, great things happen when our people work together to protect families and their belongings from life's uncertainties. And for more than 90 years, our innovative drive has kept us a step ahead of our customers' evolving needs. From advocating for seat belts, air bags and graduated drivin"
themuse-21093145,"Manager, Commercial Program Management",Kairos Power,"Alameda, CA, Flexible / Remote","$155,600 to $194,600",155600,194600,The Muse,https://www.themuse.com/jobs/kairospower/manager-commercial-program-management,2026-04-22T18:37:01Z,Marketing & PR,"Company Overview Kairos Power is a new nuclear energy technology and engineering company whose mission is to enable the world’s transition to clean energy, with the ultimate goal to dramatically improve people’s quality of life while protecting the environment. This goal will be accomplished through"
themuse-21644900,"Senior Counsel, U.S. Public Sector",Celonis,Flexible / Remote,"$194,000",194000,194000,The Muse,https://www.themuse.com/jobs/celonis/senior-counsel-us-public-sector,2026-04-30T18:36:32Z,Legal & Compliance,"Celonis is the global leader in Process Intelligence and the pioneer of Process Mining technology. As one of the world’s fastest-growing enterprise SaaS companies, we are changemakers pushing the boundaries of what’s possible. We invest heavily in advanced AI capabilities—specifically our Process In"
themuse-21829404,Enterprise Security Engineer,DoorDash,Flexible / Remote,"$130,600-$192,000",130600,192000,The Muse,https://www.themuse.com/jobs/doordash/enterprise-security-engineer,2026-06-12T19:30:35Z,Engineering & Tech,"About the Team Enterprise Security is the primary point of contact for employee-focused security across DoorDash, Wolt, and Deliveroo. We deliver secure-by-default systems, processes, and controls for everyone who works here, and we build the self-service tooling that makes the secure choice the eas"
themuse-21679152,"Security Engineer, Insider Threat",DoorDash,Flexible / Remote,"$130,600-$192,000",130600,192000,The Muse,https://www.themuse.com/jobs/doordash/security-engineer-insider-threat,2026-05-23T19:12:57Z,Engineering & Tech,"About the Team At DoorDash we're building the industry's most scalable and reliable delivery network to support our three-sided marketplace of consumers, merchants, and Dashers. Security is integral to the success of the business, as we secure the data and protect the privacy of our business and var"
themuse-21633642,Bilingual NP/PA - Virtual Urgent Care (Part-time),Oscar Health,"Abilene, TX, Flexible / Remote",$64-$96 per hour,128000,192000,The Muse,https://www.themuse.com/jobs/oscarhealth/bilingual-nppa-virtual-urgent-care-parttime-388a68,2026-04-28T18:58:17Z,Engineering & Tech,"Hi, we're Oscar Medical Group. We're hiring a Nurse Practitioner or Physician Assistant to join our Virtual Urgent Care team. At Oscar Medical Group, we are refactoring healthcare. We want to help each of our members achieve their healthcare goals in a personalized way. To help us achieve that goal "
themuse-18205943,"Principal Engineer, I and O - DevOps",Healthfirst,Flexible / Remote,"$131,900 - $190,570",131900,190570,The Muse,https://www.themuse.com/jobs/healthfirst/principal-engineer-i-and-o-devops,2025-04-22T16:43:37Z,Engineering & Tech,"Description and Requirements The Principal Engineer, Infrastructure and Operations is an integral driver of the Healthfirst cloud and operational excellence strategy. This role manages enterprise solutions in both public and private clouds while also utilizing tools to automate system deployment and"
themuse-18119914,Sr. Cloud Engineer,Healthfirst,Flexible / Remote,"$131,900 - $190,570",131900,190570,The Muse,https://www.themuse.com/jobs/healthfirst/sr-cloud-engineer-f1f239,2025-03-06T13:08:08Z,Engineering & Tech,"Description and Requirements The Sr. Cloud Engineer is an experienced member and informal leader within the Healthfirst operational excellence strategy. This role deploys and manages enterprise solutions in both public and private clouds, while also developing tools to automate system deployment and"
themuse-21679056,"Area Business Manager, Jacksonville, FL","Blueprint Medicines, a Sanofi company","Flexible / Remote, Gainesville, FL, Jacksonville, FL, Tallahassee, FL","$ 190,000",190000,190000,The Muse,https://www.themuse.com/jobs/blueprintmedicinesasanoficompany/area-business-manager-jacksonville-fl-de279a,2026-05-12T19:48:25Z,Marketing & PR,"Location: Jacksonville, FL; Tallahassee, FL; Gainesville, FL How will your role help us transform hope into reality? The Area Business Manager will contribute to a record-setting launch with AYVAKIT, build a new market to help patients with systemic mastocytosis, and focus on market development with"
themuse-20415217,"Director, Health Systems",Labcorp,"Burlington, NC, Flexible / Remote","$150,000-$190,000",150000,190000,The Muse,https://www.themuse.com/jobs/labcorp/director-health-systems,2025-11-22T20:08:28Z,Other Professional,"Recognized as one of Forbes 2024 ""America's Best Large Employers"" and named to the Forbes 2024 ""Best Employers for Diversity"", Labcorp is seeking to hire a Director, Health Systems. LabCorp is currently seeking a Director of Hospital Operations to support Health System Partnerships ensuring effectiv"
themuse-21488062,Medical Peer Reviewer,Healthfirst,Flexible / Remote,"$122,907 - $188,020",122907,188020,The Muse,https://www.themuse.com/jobs/healthfirst/medical-peer-reviewer-e4f922,2026-06-04T20:05:07Z,Other Professional,"Description and Requirements Job Profile Summary A vital role of the CMO Administration team, the Medical Peer Reviewer plays a critical role in consulting on medical necessity in the context of utilization management and ensuring adherence to internal Healthfirst and external regulations. Duties/Re"
themuse-17603184,Sr. Account Manager - Local Government (Northwest),Esri,Flexible / Remote,"$104,000 - $187,200",104000,187200,The Muse,https://www.themuse.com/jobs/esri/sr-account-manager-local-government-northwest-1e2f86,2025-02-27T12:41:37Z,Sales & Account Management,Overview We invite you to bring your experience and passion for local government coupled with an understanding of applying geospatial technology to become an integral part of Esri's State and Local Government account team. We're looking for an individual who is customer oriented and a collaborative 
themuse-21820918,"Subscriber Growth Manager, OnStar Services",General Motors,"Flexible / Remote, Mountain View, CA, Warren, MI","$140,100-$186,700",140100,186700,The Muse,https://www.themuse.com/jobs/generalmotors/subscriber-growth-manager-onstar-services,2026-06-06T00:13:08Z,Sales & Account Management,"Description The Role The Subscriber Growth Manager, OnStar Services will own the health and economics of the existing OnStar subscriber base in the US and Canada. This role sits at the center of our post-acquisition monetization strategy and is accountable for reducing churn, improving renewal perfo"
themuse-21777291,Lead Product Manager - Marketing and Sales Technology,UKG,Flexible / Remote,"$129,500 to $186,100",129500,186100,The Muse,https://www.themuse.com/jobs/ukg/lead-product-manager-marketing-and-sales-technology,2026-06-06T18:48:29Z,Data & Analytics,"Why UKG: At UKG, the work you do matters. The code you ship, the decisions you make, and the care you show a customer all add up to real impact. Today, tens of millions of workers start and end their days with our workforce operating platform. Helping people get paid, grow in their careers, and shap"
themuse-21727086,Sr. Technical Architect - 11526,Coupa,"Flexible / Remote, Los Angeles, CA","$163,000 - $184,333",163000,184333,The Muse,https://www.themuse.com/jobs/coupa/sr-technical-architect-11526,2026-05-28T18:29:54Z,Engineering & Tech,Coupa makes margins multiply through its community-generated AI and industry-leading total spend management platform for businesses large and small. Coupa AI is informed by trillions of dollars of direct and indirect spend data across a global network of 10M+ buyers and suppliers. We empower you wit
themuse-19395473,"Software Engineering Manager, Infrastructure",Meta,Flexible / Remote,"$184,000/year",184000,184000,The Muse,https://www.themuse.com/jobs/meta/software-engineering-manager-infrastructure-905dec,2026-01-28T19:29:24Z,Engineering & Tech,"Meta is seeking a highly motivated and experienced Software Engineering Manager to join our team. As an engineering manager you will support, enable and empower your team, managing high performing engineers to make a meaningful impact on billions of people around the world. Software Engineering Mana"
themuse-20966113,"Security Engineering Manager - Surface Coverage, Detection Engineering",Meta,Flexible / Remote,"$184,000/year",184000,184000,The Muse,https://www.themuse.com/jobs/meta/security-engineering-manager-surface-coverage-detection-engineering-6ec6d4,2026-01-28T19:29:02Z,Engineering & Tech,"Meta's security team is the central engine driving data and system security. We work across all parts of the company, from corporate infrastructure to production to external services, interfacing with nearly every team in the company.We are looking for a Security Engineering Manager with experience "
themuse-18603101,Entegral Product Manager 3- Work from Home,Enterprise Mobility,"Flexible / Remote, Gunnison, CO","$143,100 to $182,500",143100,182500,The Muse,https://www.themuse.com/jobs/enterprisemobility/entegral-product-manager-3-work-from-home-e8477a,2025-06-19T12:37:38Z,Product & Project Management,"Overview Entegral is seeking a motivated, adaptable, career-minded teammate who would like to utilize their skill set in a thriving agile-methodology environment. We offer competitive career advancement opportunities, a comprehensive benefits package and promote a work-life balance. We're in search "
themuse-21455174,"Sr Account Director, Enterprise - 11308",Coupa,"Austin, TX, Flexible / Remote","$150,000 - $180,000",150000,180000,The Muse,https://www.themuse.com/jobs/coupa/sr-account-director-enterprise-11308-f82c21,2026-06-10T18:29:54Z,Sales & Account Management,Coupa makes margins multiply through its community-generated AI and industry-leading total spend management platform for businesses large and small. Coupa AI is informed by trillions of dollars of direct and indirect spend data across a global network of 10M+ buyers and suppliers. We empower you wit
themuse-21830039,Senior Account Based Renewals Representative,Autodesk,Flexible / Remote,"USD 99,900.00 - 179,080.00 per year",99900,179080,The Muse,https://www.themuse.com/jobs/autodesk/senior-account-based-renewals-representative-5cf427,2026-06-09T19:44:18Z,Sales & Account Management,"CO Salary Range: USD 99,900.00 - 179,080.00 per year Job Requisition ID # 26WD99136 Position Overview The Senior Account Based Renewals Representative is a skilled level contributor who independently manages high volume renewal cycles across assigned accounts. The role focuses on executing advanced "
themuse-21771777,Alliances Director - 11552,Coupa,Flexible / Remote,"$148,000 - $178,000",148000,178000,The Muse,https://www.themuse.com/jobs/coupa/alliances-director-11552,2026-06-10T18:29:54Z,Sales & Account Management,Coupa makes margins multiply through its community-generated AI and industry-leading total spend management platform for businesses large and small. Coupa AI is informed by trillions of dollars of direct and indirect spend data across a global network of 10M+ buyers and suppliers. We empower you wit
jobicy-146257,Senior Scrum Master,ManTech,USA,"$113,500.00-$176,500.00",113500,176500,Jobicy,https://jobicy.com/jobs/146257-senior-scrum-master,2026-06-12T16:23:50+00:00,Product & Project Management,"General information Requisition # R68612 Locations USA-Remote Work Posting Date 06/11/2026 Security Clearance Required Secret Remote Type Fully Remote Time Type Full time Description &amp; Requirements Shape the future of defense with MANTECH! Join a team dedicated to safeguarding our nation through"
themuse-21820580,"Senior Manager, Portfolio Strategy & Business Cycle Execution",Oscar Health,"Flexible / Remote, Tempe, AZ","$134,136 - $176,053 per year",134136,176053,The Muse,https://www.themuse.com/jobs/oscarhealth/senior-manager-portfolio-strategy-business-cycle-execution-4e0e13,2026-06-05T23:37:35Z,Engineering & Tech,"Hi, we're Oscar. We're hiring a Senior Manager, Portfolio Strategy &amp; Business Cycle Execution to join our Strategy and Operations team. Oscar is the first health insurance company built around a full stack technology platform and a relentless focus on serving our members. We started Oscar in 201"
themuse-21161936,Grid Automation Protection & Control Systems Engineering Leader,GE Vernova,"Flexible / Remote, Markham, Canada","$126,000 - $176,000",126000,176000,The Muse,https://www.themuse.com/jobs/gevernova/grid-automation-protection-control-systems-engineering-leader-1e4563,2026-03-04T18:32:42Z,Engineering & Tech,"Job Description Summary To accelerate growth and enhance customer value, Grid Automation is undergoing a strategic restructuring aimed at driving innovation in grid flexibility, reliability, and sustainability, while reinforcing its core portfolio. A central element of this transformation is the lau"
themuse-21616890,Client Platform Engineer III,DoorDash,Flexible / Remote,"$119,000-$175,000",119000,175000,The Muse,https://www.themuse.com/jobs/doordash/client-platform-engineer-iii-9840c2,2026-05-23T19:12:58Z,Engineering & Tech,"About the Team The Client Platform Engineering team is responsible for configuration, management and automation of macOS, iOS, Windows, ChromeOS and Android endpoints to help DoorDash, Deliveroo and Wolt employees and merchants do their best work. CPE is a global team with members in the United Stat"
themuse-19093017,"Alternative Distribution Relationship Manager, Illinois, Minnesota, and Wisconsin - Vice President",iCapital,Flexible / Remote,"$150,000 to $175,000",150000,175000,The Muse,https://www.themuse.com/jobs/icapital/alternative-distribution-relationship-manager-illinois-minnesota-and-wisconsin-vice-president,2026-05-01T18:35:40Z,Sales & Account Management,"About the Role iCapital is seeking a Senior Client Relationship Manager, Vice President.&nbsp; This individual is responsible for leading sales coverage in Illinois, Minnesota and Wisconsin based in Chicago. This role is part of iCapital’s Alternatives Distribution Sales team and will report to the "
themuse-21679146,Sr. Business Intelligence Engineer,DoorDash,Flexible / Remote,"$118,300-$174,000",118300,174000,The Muse,https://www.themuse.com/jobs/doordash/sr-business-intelligence-engineer,2026-05-23T19:12:56Z,Engineering & Tech,"About the Team Our Business Intelligence team exists at the intersection of data and strategy, partnering closely with every department to ensure information is accessible, accurate, and actionable. We build the data products, pipelines, and infrastructure that power decision-making across the organ"
themuse-21841107,Senior Electrical Project Engineer - Substation (Remote Option),GE Vernova,"Delaware, OH, Flexible / Remote","$172,500",172500,172500,The Muse,https://www.themuse.com/jobs/gevernova/senior-electrical-project-engineer-substation-remote-option-fd651c,2026-06-12T18:31:14Z,Engineering & Tech,"Job Description Summary The Senior Project Engineer will be designing electrical high voltage substations is a technical leader across the engineering teams who leads the proper performance of on-shore substation &amp; HVDC/FACTS balance-of-plant design packages; performance in matter of committed b"
themuse-21575430,"Senior Manager, HR Technology (Workday PATT)",Labcorp,Flexible / Remote,"$140,000 - $170,000/yr",140000,170000,The Muse,https://www.themuse.com/jobs/labcorp/senior-manager-hr-technology-workday-patt,2026-06-04T20:08:22Z,Design & Creative,"Labcorp is seeking a Senior Manager, HR Technology(Workday PATT) for a dynamic team. This position can be Remote based. Work Schedule: This is a full-time, exempt (salaried) position assigned to a First Shift schedule, with standard business hours of Monday through Friday, 8:00 a.m. to 5:00 p.m. in "
themuse-21842315,Travel Construction Manager (Civil Engineer),Leidos,Flexible / Remote,"$92,300.00 - $166,850.00",92300,166850,The Muse,https://www.themuse.com/jobs/leidos/travel-construction-manager-civil-engineer-8911fb,2026-06-12T19:02:16Z,Engineering & Tech,"Description We are seeking a dynamic Travel Construction Manager (Civil Engineer) to support the National Airspace System Integration Support Contract (NISC IV). In this role, you will support the Federal Aviation Administration (FAA) Eastern Service Area (ESA) by providing construction oversight fo"
themuse-21668783,Defined Contribution Customer Solutions Specialist - Virtual,Alight Solutions LLC,Flexible / Remote,"$150,000 - $180,000 (Est. Senior Market Rate)",150000,165000,The Muse,https://www.themuse.com/jobs/alightsolutionsllc/defined-contribution-customer-solutions-specialist-virtual,2026-06-12T19:17:16Z,HR & Operations,"Our Story At Alight, we believe a company's success starts with its people. At our core, we Champion People, help our colleagues Grow with Purpose and true to our name we encourage colleagues to ""Be Alight."" We are passionate about connecting purpose with impact. Alight empowers clients to build a h"
themuse-21841037,Accessories Technical Leader - Product Service Americas,GE Vernova,Flexible / Remote,"$150,000 - $180,000 (Est. Senior Market Rate)",150000,165000,The Muse,https://www.themuse.com/jobs/gevernova/accessories-technical-leader-product-service-americas-040b87,2026-06-12T18:31:13Z,Marketing & PR,Job Description Summary The role is focused on providing technical leadership and mentoring for the Americas Accessories Product Service team. This includes offering direct technical support to global power plants equipped with GE Vernova equipment through three main workstreams: (1) Mentoring the t
themuse-21671787,Sr. Lead AI Engineer - 11509,Coupa,"Flexible / Remote, Mexico City, Mexico","$150,000 - $180,000 (Est. Senior Market Rate)",150000,165000,The Muse,https://www.themuse.com/jobs/coupa/sr-lead-ai-engineer-11509,2026-06-12T18:29:39Z,Engineering & Tech,Coupa makes margins multiply through its community-generated AI and industry-leading total spend management platform for businesses large and small. Coupa AI is informed by trillions of dollars of direct and indirect spend data across a global network of 10M+ buyers and suppliers. We empower you wit
themuse-21671790,Lead AI Engineer - 11510,Coupa,"Flexible / Remote, Mexico City, Mexico","$150,000 - $180,000 (Est. Senior Market Rate)",150000,165000,The Muse,https://www.themuse.com/jobs/coupa/lead-ai-engineer-11510,2026-06-12T18:29:39Z,Engineering & Tech,Coupa makes margins multiply through its community-generated AI and industry-leading total spend management platform for businesses large and small. Coupa AI is informed by trillions of dollars of direct and indirect spend data across a global network of 10M+ buyers and suppliers. We empower you wit
jobicy-146314,Director of Career Services,California Institute of Applied Technology,USA,"$150,000 - $180,000 (Est. Senior Market Rate)",150000,165000,Jobicy,https://jobicy.com/jobs/146314-director-of-career-services,2026-06-12T16:44:57+00:00,Other Professional,"Description Job Title: Director of Career Services Status: Exempt Location: WFH flexible, candidate must reside in California to be considered. Reports to: VP, Compliance Employment Type: Full-time Summary Under the general direction of the Vice President of Compliance (VPC), the Director of Career "
himalayas-https://himalayas.app/companies/monetizemore/jobs/director-of-engineering-2726636277,Director of Engineering,MonetizeMore,El Salvador,"$150,000 - $180,000 (Est. Senior Market Rate)",150000,165000,Himalayas,https://himalayas.app/companies/monetizemore/jobs/director-of-engineering-2726636277,2026-06-12T15:53:46.000Z,Engineering & Tech,"About MonetizeMore MonetizeMore is a global pioneer in ad technology, powering ad monetization for over 150,000 websites and apps globally. We combine proprietary technology with sophisticated optimization strategies to secure and maximize publisher revenue. We are a 100% remote, culture-first organ"
themuse-21840605,"Director, AI Alignment and Interpretability (Remote)",CrowdStrike,Flexible / Remote,"$150,000 - $180,000 (Est. Senior Market Rate)",150000,165000,The Muse,https://www.themuse.com/jobs/crowdstrike/director-ai-alignment-and-interpretability-remote,2026-06-12T00:01:12Z,Marketing & PR,"As a global leader in cybersecurity, CrowdStrike protects the people, processes and technologies that drive modern organizations. Since 2011, our mission hasn't changed - we're here to stop breaches, and we've redefined modern security with the world's most advanced AI-native platform. Our customers"
themuse-21840346,Customer Success Manager,Sonatype,Flexible / Remote,"$150,000 - $180,000 (Est. Senior Market Rate)",150000,165000,The Muse,https://www.themuse.com/jobs/sonatype/customer-success-manager,2026-06-11T23:31:38Z,Sales & Account Management,"Sonatype is the software supply chain security company. We provide the world’s best end-to-end software supply chain security solution, combining the only proactive protection against malicious open source, the only enterprise grade SBOM management and the leading open source dependency management p"
themuse-21837738,"Senior Trial Attorney - Oklahoma City, OK (Remote)",Allstate,"Flexible / Remote, Shawnee, OK","$150,000 - $180,000 (Est. Senior Market Rate)",150000,165000,The Muse,https://www.themuse.com/jobs/allstate/senior-trial-attorney-oklahoma-city-ok-remote,2026-06-11T19:11:26Z,Legal & Compliance,"At Allstate, great things happen when our people work together to protect families and their belongings from life's uncertainties. And for more than 90 years, our innovative drive has kept us a step ahead of our customers' evolving needs. From advocating for seat belts, air bags and graduated drivin"
themuse-21837136,Tax Manager,"Equinix, Inc","Flexible / Remote, Venustiano Carranza, Mexico","$150,000 - $180,000 (Est. Senior Market Rate)",150000,165000,The Muse,https://www.themuse.com/jobs/equinixinc/tax-manager-ad0ce2,2026-06-11T19:00:12Z,Sales & Account Management,"Who are we? Equinix is the world's digital infrastructure company®, shortening the path to connectivity to enable the innovations that enrich our work, life and planet. A place where bold ideas are welcomed, human connection is valued, and everyone has the opportunity to shape their future. A career"
themuse-21836445,Lead Engineer - Controls Engineering,GE Vernova,"Flexible / Remote, Karachi, Pakistan","$150,000 - $180,000 (Est. Senior Market Rate)",150000,165000,The Muse,https://www.themuse.com/jobs/gevernova/lead-engineer-controls-engineering-206f05,2026-06-11T18:31:22Z,Engineering & Tech,"Job Description Summary The Lead Secondary Engineer is the technical guarantor of the proper performance of design works conducted in his/her field of activity, in matter of committed design budget (man days), deadline and Quality, in line with Customer expectation, while promoting ease of installat"
themuse-21832449,Lead Sales Engineer,"Equinix, Inc","Chicago, IL, Flexible / Remote","$150,000 - $180,000 (Est. Senior Market Rate)",150000,165000,The Muse,https://www.themuse.com/jobs/equinixinc/lead-sales-engineer-31486e,2026-06-10T18:39:56Z,Engineering & Tech,"Who are we? Equinix is the world's digital infrastructure company®, shortening the path to connectivity to enable the innovations that enrich our work, life and planet. A place where bold ideas are welcomed, human connection is valued, and everyone has the opportunity to shape their future. A career"
themuse-21832451,GTM Proficiency & Transformation Enablement Program Manager,"Equinix, Inc","Flexible / Remote, Toronto, Canada","$150,000 - $180,000 (Est. Senior Market Rate)",150000,165000,The Muse,https://www.themuse.com/jobs/equinixinc/gtm-proficiency-transformation-enablement-program-manager-4853fa,2026-06-10T18:39:56Z,Product & Project Management,"Who are we? Equinix is the world's digital infrastructure company®, shortening the path to connectivity to enable the innovations that enrich our work, life and planet. A place where bold ideas are welcomed, human connection is valued, and everyone has the opportunity to shape their future. A career"
themuse-21707565,"Product Manager, DevSecOps","Equinix, Inc","Flexible / Remote, Warsaw, Poland","$150,000 - $180,000 (Est. Senior Market Rate)",150000,165000,The Muse,https://www.themuse.com/jobs/equinixinc/product-manager-devsecops,2026-06-10T18:39:55Z,Product & Project Management,"Who are we? Equinix is the world's digital infrastructure company®, shortening the path to connectivity to enable the innovations that enrich our work, life and planet. A place where bold ideas are welcomed, human connection is valued, and everyone has the opportunity to shape their future. A career"
themuse-21831959,Sr Product Manager,GE Vernova,"Flexible / Remote, Peoria, IL","$150,000 - $180,000 (Est. Senior Market Rate)",150000,165000,The Muse,https://www.themuse.com/jobs/gevernova/sr-product-manager-20bdd7,2026-06-10T18:31:36Z,Product & Project Management,"Job Description Summary Build the Future of Infrastructure Planning Are you ready to shape the technology that powers the world's energy and connectivity networks? We are transforming how critical infrastructure is planned, modeled, and managed. We're looking for a Senior Project Manager to lead the"
themuse-21827938,"Senior Director, Procurement Governance, Risk & Compliance","Equinix, Inc","Flexible / Remote, Redwood City, CA","$150,000 - $180,000 (Est. Senior Market Rate)",150000,165000,The Muse,https://www.themuse.com/jobs/equinixinc/senior-director-procurement-governance-risk-compliance-dd67e5,2026-06-09T18:44:49Z,Marketing & PR,"Who are we? Equinix is the world's digital infrastructure company®, shortening the path to connectivity to enable the innovations that enrich our work, life and planet. A place where bold ideas are welcomed, human connection is valued, and everyone has the opportunity to shape their future. A career"
themuse-21763111,SPS Quality & Lean Leader - Fossil EMEAA (m/w/d),GE Vernova,"Flexible / Remote, Pułtusk, Poland","$150,000 - $180,000 (Est. Senior Market Rate)",150000,165000,The Muse,https://www.themuse.com/jobs/gevernova/sps-quality-lean-leader-fossil-emeaa-mwd-79ebd4,2026-06-09T18:30:49Z,Data & Analytics,"Job Description Summary At GE Vernova, We are united by a single, urgent, and optimistic mission: electrify to thrive and decarbonize. The world needs us to accelerate the transition to more reliable, affordable, and sustainable energy. Together, we have the energy to change the world. As Quality an"
themuse-21826668,Government Affairs Manager (Tennessee),SpaceX,Flexible / Remote,"$150,000 - $180,000 (Est. Senior Market Rate)",150000,165000,The Muse,https://www.themuse.com/jobs/spacex/government-affairs-manager-tennessee,2026-06-08T23:33:25Z,Legal & Compliance,"SpaceX was founded under the belief that a future where humanity is out exploring the stars is fundamentally more exciting than one where we are not. Today SpaceX is actively developing the technologies to make this possible, with the ultimate goal of&nbsp;enabling human life on Mars. GOVERNMENT AFF"
themuse-21821561,"Principal Engineer, Product Software","Equinix, Inc","Flexible / Remote, Redwood City, CA","$150,000 - $180,000 (Est. Senior Market Rate)",150000,165000,The Muse,https://www.themuse.com/jobs/equinixinc/principal-engineer-product-software-680239,2026-06-06T18:43:44Z,Engineering & Tech,"Who are we? Equinix is the world's digital infrastructure company®, shortening the path to connectivity to enable the innovations that enrich our work, life and planet. A place where tech thinkers and future builders turn bold ideas into breakthrough experiences, we welcome your unique perspective. "
themuse-21812131,"Senior Staff Engineer, SRE/DevOps, Product Software/ Ingénieur principal ou ingénieure principale,SRE/DevOps, produit logiciel","Equinix, Inc","Dallas, TX, Flexible / Remote","$150,000 - $180,000 (Est. Senior Market Rate)",150000,165000,The Muse,https://www.themuse.com/jobs/equinixinc/senior-staff-engineer-sredevops-product-software-ingenieur-principal-ou-ingenieure-principalesredevops-produit-logiciel,2026-06-06T18:43:44Z,Engineering & Tech,"Who are we? Equinix is the world's digital infrastructure company®, shortening the path to connectivity to enable the innovations that enrich our work, life and planet. A place where tech thinkers and future builders turn bold ideas into breakthrough experiences, we welcome your unique perspective. "
themuse-21821194,Senior Project Manager,GE Vernova,"Flexible / Remote, Oslo, Norway","$150,000 - $180,000 (Est. Senior Market Rate)",150000,165000,The Muse,https://www.themuse.com/jobs/gevernova/senior-project-manager-ca5015,2026-06-06T18:31:07Z,Product & Project Management,"Job Description Summary Senior Project Manager Location: Oslo, Norway (Remote Europe) Contract Type: Permanent Are you ready to lead the future of energy? As a Senior Project Manager at GE Vernova, you will be at the heart of our mission to electrify and decarbonize the world. You will drive the suc"
themuse-21607542,Global Product Specialist - Dry type transformers (mainstream),Hitachi Energy,"Flexible / Remote, Raleigh, NC, Umreth, India","$150,000 - $180,000 (Est. Senior Market Rate)",150000,165000,The Muse,https://www.themuse.com/jobs/hitachienergy/global-product-specialist-dry-type-transformers-mainstream-409fab,2026-06-05T23:42:42Z,Product & Project Management,"The opportunity Hitachi Energy is looking for a Global Product Specialist for mainstream business of Dry-type transformers to join our innovative team in any of these locations: Raleigh/USA, Bland/USA, Savli/India, Vadodara/India, Cheonan/South Korea, Zaragoza/Spain, Shanghai/China. In this role, yo"
themuse-21806880,"Director, Deal Strategy & Enablement- APAC","Equinix, Inc","Flexible / Remote, Singapore","$150,000 - $180,000 (Est. Senior Market Rate)",150000,165000,The Muse,https://www.themuse.com/jobs/equinixinc/director-deal-strategy-enablement-apac,2026-06-05T18:42:39Z,Sales & Account Management,"Who are we? Equinix is the world's digital infrastructure company®, shortening the path to connectivity to enable the innovations that enrich our work, life and planet. A place where bold ideas are welcomed, human connection is valued, and everyone has the opportunity to shape their future. A career"
themuse-21812123,"Senior Director, Deal Strategy & Enablement","Equinix, Inc","Flexible / Remote, Redwood City, CA","$150,000 - $180,000 (Est. Senior Market Rate)",150000,165000,The Muse,https://www.themuse.com/jobs/equinixinc/senior-director-deal-strategy-enablement-60feee,2026-06-05T18:42:39Z,Sales & Account Management,"Who are we? Equinix is the world's digital infrastructure company®, shortening the path to connectivity to enable the innovations that enrich our work, life and planet. A place where bold ideas are welcomed, human connection is valued, and everyone has the opportunity to shape their future. A career"
themuse-21816681,HR AI Leader - Workday Enablement,GE Vernova,"Budapest, Hungary, Flexible / Remote","$150,000 - $180,000 (Est. Senior Market Rate)",150000,165000,The Muse,https://www.themuse.com/jobs/gevernova/hr-ai-leader-workday-enablement-69cedb,2026-06-05T18:32:57Z,Data & Analytics,"Job Description Summary GE Vernova is seeking an AI Leader to help shape the future of HR through the practical activation of AI agents within Workday and related people processes. This role will play a key part in identifying, delivering, and scaling AI-enabled capabilities that improve employee ex"
themuse-21731093,Partner Business Director - 11518,Coupa,Flexible / Remote,"$150,000 - $180,000 (Est. Senior Market Rate)",150000,165000,The Muse,https://www.themuse.com/jobs/coupa/partner-business-director-11518,2026-06-05T18:29:53Z,Design & Creative,Coupa makes margins multiply through its community-generated AI and industry-leading total spend management platform for businesses large and small. Coupa AI is informed by trillions of dollars of direct and indirect spend data across a global network of 10M+ buyers and suppliers. We empower you wit
themuse-21796709,Technical Claims Specialist,Liberty Mutual Insurance,"Boston, MA, Chandler, AZ, Flexible / Remote, Hoffman Estates, IL, Indianapolis, IN, Lake Oswego, OR, Las Vegas, NV, Plano, TX, Suwanee, GA","$150,000 - $180,000 (Est. Senior Market Rate)",150000,165000,The Muse,https://www.themuse.com/jobs/libertymutualinsurance/technical-claims-specialist-4f3f3e,2026-06-04T20:11:35Z,Legal & Compliance,"Description Under limited supervision and established practices, the Technical Claims Specialist is responsible for the investigation, evaluation, and disposition of environmental and emerging risk general liability and business auto claims of moderate to high exposure. Responsibilities: Investigate"
themuse-21661183,Change and Adoption Manager - Digital Workplace,"Equinix, Inc","Flexible / Remote, Toronto, Canada","$150,000 - $180,000 (Est. Senior Market Rate)",150000,165000,The Muse,https://www.themuse.com/jobs/equinixinc/change-and-adoption-manager-digital-workplace-862536,2026-06-04T18:54:26Z,Engineering & Tech,"Who are we? Equinix is the world's digital infrastructure company®, shortening the path to connectivity to enable the innovations that enrich our work, life and planet. A place where bold ideas are welcomed, human connection is valued, and everyone has the opportunity to shape their future. A career"
themuse-21498139,Service Manager II (fluent in French Canadian & English)- Gestionnaire de services II,"Equinix, Inc","Flexible / Remote, Montreal, Canada","$150,000 - $180,000 (Est. Senior Market Rate)",150000,165000,The Muse,https://www.themuse.com/jobs/equinixinc/service-manager-ii-fluent-in-french-canadian-english-gestionnaire-de-services-ii,2026-06-04T18:54:26Z,Sales & Account Management,"Who are we? Equinix is the world's digital infrastructure company®, shortening the path to connectivity to enable the innovations that enrich our work, life and planet. A place where bold ideas are welcomed, human connection is valued, and everyone has the opportunity to shape their future. A career"
themuse-21789904,Territory Sales Manager-Combo-South & East Bay,Mast-Jägermeister US,"Flexible / Remote, Santa Clara, CA","$150,000 - $180,000 (Est. Senior Market Rate)",150000,165000,The Muse,https://www.themuse.com/jobs/mastjagermeisterus/territory-sales-managercombosouth-east-bay-78ba30,2026-06-04T18:53:09Z,Sales & Account Management,"Position Summary: The Territory Sales Manager - Combo will be responsible for in account field level execution with excellence and provide channel expertise. The Territory Sales Manager will manage resources (POS &amp; local budget) and support consumer events and drive brand visibility for the MJUS"
themuse-21811830,Senior Software Engineer - Full Stack Development,Kyndryl,"Bangalore, India, Chennai, India, Flexible / Remote, Greater Noida, India, Hyderabad, India, Pune, India","$150,000 - $180,000 (Est. Senior Market Rate)",150000,165000,The Muse,https://www.themuse.com/jobs/kyndryl/senior-software-engineer-full-stack-development-697cfb,2026-06-04T18:48:50Z,Engineering & Tech,"Who We Are At Kyndryl, we run and reimagine the mission-critical technology systems that drive advantage for the world's leading businesses. We are at the heart of progress; with proven expertise and a continuous flow of AI-powered insight, enabling smarter decisions, faster innovation, and a lastin"
themuse-21811458,Lead Talent Acquisition Operations Analyst (APAC),GE Vernova,"Flexible / Remote, Gadag, India","$150,000 - $180,000 (Est. Senior Market Rate)",150000,165000,The Muse,https://www.themuse.com/jobs/gevernova/lead-talent-acquisition-operations-analyst-apac-ef3bd1,2026-06-04T18:32:50Z,Data & Analytics,"Job Description Summary As a member of our Vernova Talent Acquisition (TA) Operations team, you will play a key role in developing and delivering standardization and enhancements to recruiting processes, ensuring compliance, leveraging data and analytics to measure impact, and supporting optimizatio"
themuse-21497490,Senior Solution Advisor - 11329,Coupa,Flexible / Remote,"$150,000 - $180,000 (Est. Senior Market Rate)",150000,165000,The Muse,https://www.themuse.com/jobs/coupa/senior-solution-advisor-11329,2026-06-04T18:29:58Z,Data & Analytics,Coupa makes margins multiply through its community-generated AI and industry-leading total spend management platform for businesses large and small. Coupa AI is informed by trillions of dollars of direct and indirect spend data across a global network of 10M+ buyers and suppliers. We empower you wit
themuse-21728507,Mass Tort & Environmental Specialty Operations Senior Manager,Allstate,Flexible / Remote,"$150,000 - $180,000 (Est. Senior Market Rate)",150000,165000,The Muse,https://www.themuse.com/jobs/allstate/mass-tort-environmental-specialty-operations-senior-manager,2026-06-03T18:57:09Z,HR & Operations,"At Allstate, great things happen when our people work together to protect families and their belongings from life's uncertainties. And for more than 90 years, our innovative drive has kept us a step ahead of our customers' evolving needs. From advocating for seat belts, air bags and graduated drivin"
themuse-21744143,Senior Manager- Origination and Development,"Equinix, Inc","Flexible / Remote, London, United Kingdom","$150,000 - $180,000 (Est. Senior Market Rate)",150000,165000,The Muse,https://www.themuse.com/jobs/equinixinc/senior-manager-origination-and-development-5d5d6f,2026-06-03T18:42:04Z,Product & Project Management,"Who are we? Equinix is the world's digital infrastructure company®, shortening the path to connectivity to enable the innovations that enrich our work, life and planet. A place where bold ideas are welcomed, human connection is valued, and everyone has the opportunity to shape their future. A career"
themuse-21806637,Senior Software Engineer,Experian,"Costa Mesa, CA, Flexible / Remote","$150,000 - $180,000 (Est. Senior Market Rate)",150000,165000,The Muse,https://www.themuse.com/jobs/experian/senior-software-engineer-2fff30,2026-06-03T18:38:09Z,Engineering & Tech,"Company Description Experian is a global data and technology company, powering opportunities for people and businesses around the world. We operate across a range of markets, from financial services to healthcare, automotive, agribusiness, insurance, and many more. Experian invests in people and new"
themuse-21261682,Site Quality Manager (m/w/d),GE Vernova,Flexible / Remote,"$150,000 - $180,000 (Est. Senior Market Rate)",150000,165000,The Muse,https://www.themuse.com/jobs/gevernova/site-quality-manager-mwd-c4b4eb,2026-06-03T18:30:39Z,Other Professional,"Job Description Summary GE Vernova is an industry leader uniquely positioned to support today's energy transition by electrifying the world while working to decarbonize it. Der Site Quality Manager (m/w/d) (Kühmoos / Süddeutschland) erstellt, pflegt und überprüft die Umsetzung des Site Quality Plans"
themuse-21771999,Lead On Site Services Specialist,GE Vernova,"Astana, Kazakhstan, Flexible / Remote","$150,000 - $180,000 (Est. Senior Market Rate)",150000,165000,The Muse,https://www.themuse.com/jobs/gevernova/lead-on-site-services-specialist-5741a8,2026-06-03T18:30:33Z,Product & Project Management,"Job Description Summary At GE Vernova, we are united by a single, urgent, and optimistic mission: electrify to thrive and decarbonize. The world needs us to accelerate the transition to more reliable, affordable, and sustainable energy. Together, we have the energy to change the world. What impact y"
themuse-21527957,Polish Lead Licensing Engineer,GE Vernova,"Flexible / Remote, Warsaw, Poland","$150,000 - $180,000 (Est. Senior Market Rate)",150000,165000,The Muse,https://www.themuse.com/jobs/gevernova/polish-lead-licensing-engineer-594fd0,2026-06-03T18:30:33Z,Engineering & Tech,"Job Description Summary As a Lead Licensing Engineer, you will be responsible for ensuring compliance with Polish and international nuclear safety regulations related to accident analysis and licensing for GEH reactors in Poland. You will interact with the National Atomic Energy Agency (Państwowa Ag"
themuse-20959586,Polish Senior Licensing Engineer,GE Vernova,Flexible / Remote,"$150,000 - $180,000 (Est. Senior Market Rate)",150000,165000,The Muse,https://www.themuse.com/jobs/gevernova/polish-senior-licensing-engineer-b20600,2026-06-03T18:30:33Z,Engineering & Tech,"Job Description Summary As a Senior Licensing Engineer, you will be responsible for ensuring compliance with Polish and international nuclear safety regulations related to accident analysis and licensing for GVH reactors in Poland. You will interact with the National Atomic Energy Agency (Państwowa "
themuse-21800961,Application Architecture,Kyndryl,"Bangalore, India, Flexible / Remote","$150,000 - $180,000 (Est. Senior Market Rate)",150000,165000,The Muse,https://www.themuse.com/jobs/kyndryl/application-architecture-23415b,2026-06-02T18:34:47Z,Engineering & Tech,"Who We Are At Kyndryl, we run and reimagine the mission-critical technology systems that drive advantage for the world's leading businesses. We are at the heart of progress; with proven expertise and a continuous flow of AI-powered insight, enabling smarter decisions, faster innovation, and a lastin"
themuse-21753082,Customer Adoption Specialist,Autodesk,Flexible / Remote,"$150,000 - $180,000 (Est. Senior Market Rate)",150000,165000,The Muse,https://www.themuse.com/jobs/autodesk/customer-adoption-specialist-2fe70e,2026-05-30T19:33:53Z,Sales & Account Management,"Job Requisition ID # 26WD98368 Position Overview Do you want the opportunity to be part of a startup-like environment and have a big impact on a brand-new product? Are you looking to be at the forefront of innovative new technology that will ultimately help people imagine, design, and make a better "
themuse-21794795,Senior Business Analyst,"Equinix, Inc","Flexible / Remote, Madrid, Spain","$150,000 - $180,000 (Est. Senior Market Rate)",150000,165000,The Muse,https://www.themuse.com/jobs/equinixinc/senior-business-analyst-52ce8f,2026-05-30T18:44:10Z,Data & Analytics,"Who are we? Equinix is the world's digital infrastructure company®, shortening the path to connectivity to enable the innovations that enrich our work, life and planet. A place where bold ideas are welcomed, human connection is valued, and everyone has the opportunity to shape their future. A career"
themuse-21789036,"Manager, Sales Engineer (Remote, DEU)",CrowdStrike,Flexible / Remote,"$150,000 - $180,000 (Est. Senior Market Rate)",150000,165000,The Muse,https://www.themuse.com/jobs/crowdstrike/manager-sales-engineer-remote-deu,2026-05-29T23:55:24Z,Engineering & Tech,"As a global leader in cybersecurity, CrowdStrike protects the people, processes and technologies that drive modern organizations. Since 2011, our mission hasn't changed - we're here to stop breaches, and we've redefined modern security with the world's most advanced AI-native platform. Our customers"
themuse-21793587,"Starlink Growth Specialist, Nebraska",SpaceX,Flexible / Remote,"$150,000 - $180,000 (Est. Senior Market Rate)",150000,165000,The Muse,https://www.themuse.com/jobs/spacex/starlink-growth-specialist-nebraska,2026-05-29T23:33:29Z,Sales & Account Management,"SpaceX was founded under the belief that a future where humanity is out exploring the stars is fundamentally more exciting than one where we are not. Today SpaceX is actively developing the technologies to make this possible, with the ultimate goal of&nbsp;enabling human life on Mars. STARLINK GROWT"
themuse-21790021,Principal Machine Learning Engineer (MLE),"Equinix, Inc","Flexible / Remote, Toronto, Canada","$150,000 - $180,000 (Est. Senior Market Rate)",150000,165000,The Muse,https://www.themuse.com/jobs/equinixinc/principal-machine-learning-engineer-mle-deb6bc,2026-05-29T18:40:31Z,Engineering & Tech,"Who are we? Equinix is the world's digital infrastructure company®, shortening the path to connectivity to enable the innovations that enrich our work, life and planet. A place where tech thinkers and future builders turn bold ideas into breakthrough experiences, we welcome your unique perspective. "
themuse-21789651,Sr. Sales Manager (Global Starlink Enterprise Sales),SpaceX,"El Segundo, CA, Flexible / Remote","$150,000 - $180,000 (Est. Senior Market Rate)",150000,165000,The Muse,https://www.themuse.com/jobs/spacex/sr-sales-manager-global-starlink-enterprise-sales-d61fcf,2026-05-29T18:34:01Z,Sales & Account Management,"SpaceX was founded under the belief that a future where humanity is out exploring the stars is fundamentally more exciting than one where we are not. Today SpaceX is actively developing the technologies to make this possible, with the ultimate goal of&nbsp;enabling human life on Mars. SR. SALES MANA"
themuse-21789627,"Lead Analyst, Analytics",Arcadia,Flexible / Remote,"$150,000 - $180,000 (Est. Senior Market Rate)",150000,165000,The Muse,https://www.themuse.com/jobs/arcadia/lead-analyst-analytics,2026-05-29T18:33:43Z,Data & Analytics,"Arcadia is dedicated to happier, healthier days for all. We believe that there is a better healthcare world – one powered by data. Our platform transforms complex, diverse data into a unified foundation for health, helping organizations deliver better care, boost revenue, and lower costs. &nbsp; We’"
themuse-21197673,Senior Oracle ERP Developer,Sunrun,Flexible / Remote,"$150,000 - $180,000 (Est. Senior Market Rate)",150000,165000,The Muse,https://www.themuse.com/jobs/sunrun/senior-oracle-erp-developer,2026-05-28T19:50:10Z,Engineering & Tech,"At Sunrun, we're on a mission to change the way the world interacts with energy, and we're building a company and brand that puts power at the center of life. To do it, we're designing a dynamic culture where employee development, well-being, and safety come first. It's why we've become the #1 home "
themuse-21187214,"Senior Lead, Technical Solutioning",Kyndryl,"Flexible / Remote, Tokyo, Japan","$150,000 - $180,000 (Est. Senior Market Rate)",150000,165000,The Muse,https://www.themuse.com/jobs/kyndryl/senior-lead-technical-solutioning-79ec0b,2026-05-28T18:36:50Z,Sales & Account Management,"Who We Are At Kyndryl, we run and reimagine the mission-critical technology systems that drive advantage for the world's leading businesses. We are at the heart of progress; with proven expertise and a continuous flow of AI-powered insight, enabling smarter decisions, faster innovation, and a lastin"
themuse-21776404,Environmental Specialist (Taoyuan),GE Vernova,"Flexible / Remote, Lugu, Taiwan","$150,000 - $180,000 (Est. Senior Market Rate)",150000,165000,The Muse,https://www.themuse.com/jobs/gevernova/environmental-specialist-taoyuan-e70c14,2026-05-28T18:32:24Z,Data & Analytics,"Job Description Summary At GE Vernova, we're building the infrastructure that powers a cleaner world - and we need people on the ground who care deeply about doing that safely and responsibly. As an Environment Specialist, you'll be the environmental conscience of a live construction and commissioni"
themuse-21633791, Senior Customer Success Manager - India,GitLab,Flexible / Remote,"$150,000 - $180,000 (Est. Senior Market Rate)",150000,165000,The Muse,https://www.themuse.com/jobs/gitlab/senior-customer-success-manager-india,2026-05-27T23:33:40Z,Sales & Account Management,"GitLab is the intelligent orchestration platform for DevSecOps. GitLab enables organizations to increase developer productivity, improve operational efficiency, reduce security and compliance risk, and accelerate digital transformation. More than 50 million registered users and more than 50% of the "
themuse-21772120,Senior Transformer Diagnostics Specialist,GE Vernova,Flexible / Remote,"$150,000 - $180,000 (Est. Senior Market Rate)",150000,165000,The Muse,https://www.themuse.com/jobs/gevernova/senior-transformer-diagnostics-specialist-48be08,2026-05-27T18:33:35Z,Data & Analytics,Job Description Summary Senior Transformer Diagnostics Specialist Electrification | Remote | Permanent This is a unique opportunity to bring your deep transformer diagnostics expertise into a specialist role that sits at the heart of monitoring and diagnostics. As the only role of its kind in this a
themuse-21771854,APAC Technical Support Leader,GE Vernova,"Flexible / Remote, Singapore","$150,000 - $180,000 (Est. Senior Market Rate)",150000,165000,The Muse,https://www.themuse.com/jobs/gevernova/apac-technical-support-leader-b93065,2026-05-27T18:31:39Z,HR & Operations,"Job Description Summary The Senior Technical Support Manager is responsible for leading the regional technical support function across Asia Pacific, ensuring timely, high-quality support to Service Account Managers (SAMs), Project Managers (SPMs), Field Service Engineers (FSEs), Parts, and Customers"
themuse-21725281,IT Platform Lead - Data Engineering,Kyndryl,"Bangalore, India, Chennai, India, Flexible / Remote","$150,000 - $180,000 (Est. Senior Market Rate)",150000,165000,The Muse,https://www.themuse.com/jobs/kyndryl/it-platform-lead-data-engineering-7e4d1d,2026-05-26T18:34:14Z,Engineering & Tech,"Who We Are At Kyndryl, we run and reimagine the mission-critical technology systems that drive advantage for the world's leading businesses. We are at the heart of progress; with proven expertise and a continuous flow of AI-powered insight, enabling smarter decisions, faster innovation, and a lastin"
themuse-21769899,UX/UI Specialist for Data Practice,Kyndryl,"Flexible / Remote, Mexico City, Mexico","$150,000 - $180,000 (Est. Senior Market Rate)",150000,165000,The Muse,https://www.themuse.com/jobs/kyndryl/uxui-specialist-for-data-practice,2026-05-26T18:34:14Z,Data & Analytics,"Who We Are At Kyndryl, we run and reimagine the mission-critical technology systems that drive advantage for the world's leading businesses. We are at the heart of progress; with proven expertise and a continuous flow of AI-powered insight, enabling smarter decisions, faster innovation, and a lastin"
themuse-21760212,Senior Sales Account Executive (Capital Markets) - Remote,Experian,Flexible / Remote,"$150,000 - $180,000 (Est. Senior Market Rate)",150000,165000,The Muse,https://www.themuse.com/jobs/experian/senior-sales-account-executive-capital-markets-remote-316b2e,2026-05-23T18:36:59Z,Sales & Account Management,"Company Description Experian is a global data and technology company, powering opportunities for people and businesses around the world. We operate across a range of markets, from financial services to healthcare, automotive, agribusiness, insurance, and many more. Experian invests in people and new"
themuse-21760234,Information Security Specialist Lead,Experian,"Alajuela, Costa Rica, Flexible / Remote","$150,000 - $180,000 (Est. Senior Market Rate)",150000,165000,The Muse,https://www.themuse.com/jobs/experian/information-security-specialist-lead-1e6184,2026-05-23T18:36:59Z,Data & Analytics,"Company Description Experian is a global data and technology company, powering opportunities for people and businesses around the world. We operate across a range of markets, from financial services to healthcare, automotive, agribusiness, insurance, and many more. Experian invests in people and new"
themuse-21754778,HVDC Commissioning Lead Engineer (all genders),GE Vernova,"Flexible / Remote, Pułtusk, Poland","$150,000 - $180,000 (Est. Senior Market Rate)",150000,165000,The Muse,https://www.themuse.com/jobs/gevernova/hvdc-commissioning-lead-engineer-all-genders-d53700,2026-05-22T18:31:47Z,Engineering & Tech,"Job Description Summary About the Role The HVDC Commissioning Lead Engineer shall be responsible for testing and executing commissioning activities of various projects under execution, as per GEV Quality, Construction &amp; Commissioning &amp; EHS Process and guidelines and will be fully responsible"
themuse-20368632,Client Value Partner (CVP) - Oil & Gas Industry,Celonis,Flexible / Remote,"$150,000 - $180,000 (Est. Senior Market Rate)",150000,165000,The Muse,https://www.themuse.com/jobs/celonis/client-value-partner-cvp-oil-gas-industry,2026-05-21T23:32:53Z,Engineering & Tech,"Celonis is the global leader in Process Intelligence and the pioneer of Process Mining technology. As one of the world’s fastest-growing enterprise SaaS companies, we are changemakers pushing the boundaries of what’s possible. We invest heavily in advanced AI capabilities—specifically our Process In"
themuse-21743010,Site Manager (f/m/d),Hitachi Energy,Flexible / Remote,"$150,000 - $180,000 (Est. Senior Market Rate)",150000,165000,The Muse,https://www.themuse.com/jobs/hitachienergy/site-manager-fmd-1862bd,2026-05-20T23:33:32Z,Product & Project Management,"Embrace Diversity and Innovation! By joining the GI Service team (GIService) you are responsible for carrying out the planned maintenance and servicing work of the automation, communication and safety systems as well as all other electrotechnical systems on converter stations as well as offshore pla"
themuse-21731488,Sr Sales Staff Manager EEMEA - Risk Mitigation (Directeur Commercial EEMEA - Atténuation des Risques) (m/w/d),GE Vernova,Flexible / Remote,"$150,000 - $180,000 (Est. Senior Market Rate)",150000,165000,The Muse,https://www.themuse.com/jobs/gevernova/sr-sales-staff-manager-eemea-risk-mitigation-directeur-commercial-eemea-attenuation-des-risques-mwd-cfee60,2026-05-20T18:31:41Z,Sales & Account Management,"Job Description Summary The Commercial Director Eastern Europe, Middle East &amp; Africa is responsible for developing and implementing strategies to pursue and secure executable orders for GE Vernova Onshore Wind in the Eastern Europe, Middle East and Africa Regions. The role reports to the General"
themuse-21731308,Sr Technical Product Manager,GE Vernova,"Budapest, Hungary, Flexible / Remote","$150,000 - $180,000 (Est. Senior Market Rate)",150000,165000,The Muse,https://www.themuse.com/jobs/gevernova/sr-technical-product-manager-aa8fb6,2026-05-20T18:31:23Z,Product & Project Management,"Job Description Summary We are seeking a Senior Technical Product Manager (TPM) to lead the strategy, delivery, and lifecycle of infrastructure platforms that power engineering analytics, remote monitoring &amp; diagnostic systems, and data-driven decision making across our global power plant equipm"
themuse-21576032,"Account Manager - Cyber Security | Houston, TX",Optiv,"Flexible / Remote, Houston, TX","$150,000 - $180,000 (Est. Senior Market Rate)",150000,165000,The Muse,https://www.themuse.com/jobs/optiv/account-manager-cyber-security-houston-tx,2026-05-19T20:39:45Z,Sales & Account Management,"This position is field-based and will be hired in the Houston Area As an Account Manager or Client Manager (CM) as we call it, you'll be responsible for selling Optiv security services and security technology solutions to a select few strategic accounts (typically less than 20) within a geographic t"
themuse-21727509,"Lead, Mainframe Automation",Kyndryl,"Flexible / Remote, Hortolândia, Brazil, São Paulo, Brazil","$150,000 - $180,000 (Est. Senior Market Rate)",150000,165000,The Muse,https://www.themuse.com/jobs/kyndryl/lead-mainframe-automation-e2fc5d,2026-05-19T18:53:23Z,Engineering & Tech,"Who We Are At Kyndryl, we run and reimagine the mission-critical technology systems that drive advantage for the world's leading businesses. We are at the heart of progress; with proven expertise and a continuous flow of AI-powered insight, enabling smarter decisions, faster innovation, and a lastin"
themuse-21726736,Site Quality Manager,Hitachi Energy,"Flexible / Remote, York, United Kingdom","$150,000 - $180,000 (Est. Senior Market Rate)",150000,165000,The Muse,https://www.themuse.com/jobs/hitachienergy/site-quality-manager-4f5ef9,2026-05-18T23:34:12Z,HR & Operations,"General information: Hitachi Energy is seeking a Site Quality Manager (SQM). The role will be based in the field at the project location. Role requires relocation to new project site upon completion. This role is responsible for planning, organizing, leading, and monitoring all Quality work during s"
themuse-21723133,Senior Casualty Claims Specialist - Pacific or Mountain Time Zone,Liberty Mutual Insurance,"Chandler, AZ, Flexible / Remote, Idaho Falls, ID, Peoria, AZ, Phoenix, AZ, Tempe, AZ","$150,000 - $180,000 (Est. Senior Market Rate)",150000,165000,The Muse,https://www.themuse.com/jobs/libertymutualinsurance/senior-casualty-claims-specialist-pacific-or-mountain-time-zone-87df66,2026-05-16T20:47:53Z,Legal & Compliance,"Description Advance Your Career with Liberty Mutual's Personal Lines Casualty Team! Our Casualty Attorney Represented team is currently hiring for Senior Claims Specialists to manage attorney represented and litigated auto and homeowner's bodily injury claims. This role will manage, investigate and "
themuse-21721214,Billing Senior Analyst,"Equinix, Inc","Dallas, TX, Flexible / Remote","$150,000 - $180,000 (Est. Senior Market Rate)",150000,165000,The Muse,https://www.themuse.com/jobs/equinixinc/billing-senior-analyst-c41cba,2026-05-16T18:50:35Z,Data & Analytics,"Who are we? Equinix is the world's digital infrastructure company®, shortening the path to connectivity to enable the innovations that enrich our work, life and planet. A place where bold ideas are welcomed, human connection is valued, and everyone has the opportunity to shape their future. A career"
themuse-21721206,"Strategy Director, Special Projects","Equinix, Inc","Flexible / Remote, Toronto, Canada","$150,000 - $180,000 (Est. Senior Market Rate)",150000,165000,The Muse,https://www.themuse.com/jobs/equinixinc/strategy-director-special-projects-5c7bff,2026-05-16T18:50:35Z,Product & Project Management,"Who are we? Equinix is the world's digital infrastructure company®, shortening the path to connectivity to enable the innovations that enrich our work, life and planet. A place where bold ideas are welcomed, human connection is valued, and everyone has the opportunity to shape their future. A career"
themuse-21544871,"Platform Professional Services Senior Consultant, AI (Remote)",CrowdStrike,Flexible / Remote,"$150,000 - $180,000 (Est. Senior Market Rate)",150000,165000,The Muse,https://www.themuse.com/jobs/crowdstrike/platform-professional-services-senior-consultant-ai-remote,2026-05-15T23:52:48Z,Data & Analytics,"As a global leader in cybersecurity, CrowdStrike protects the people, processes and technologies that drive modern organizations. Since 2011, our mission hasn't changed - we're here to stop breaches, and we've redefined modern security with the world's most advanced AI-native platform. Our customers"
themuse-21716124,"Sr. Systems Architect, Falcon Complete (Remote)",CrowdStrike,Flexible / Remote,"$150,000 - $180,000 (Est. Senior Market Rate)",150000,165000,The Muse,https://www.themuse.com/jobs/crowdstrike/sr-systems-architect-falcon-complete-remote,2026-05-14T23:52:09Z,Engineering & Tech,"As a global leader in cybersecurity, CrowdStrike protects the people, processes and technologies that drive modern organizations. Since 2011, our mission hasn't changed - we're here to stop breaches, and we've redefined modern security with the world's most advanced AI-native platform. Our customers"
themuse-21716122,"Regional Marketing Manager, CEE (Remote)",CrowdStrike,Flexible / Remote,"$150,000 - $180,000 (Est. Senior Market Rate)",150000,165000,The Muse,https://www.themuse.com/jobs/crowdstrike/regional-marketing-manager-cee-remote,2026-05-14T23:52:09Z,Marketing & PR,"As a global leader in cybersecurity, CrowdStrike protects the people, processes and technologies that drive modern organizations. Since 2011, our mission hasn't changed - we're here to stop breaches, and we've redefined modern security with the world's most advanced AI-native platform. Our customers"
themuse-21706819,Turnover & Completion Manager (m/f/d),GE Vernova,Flexible / Remote,"$150,000 - $180,000 (Est. Senior Market Rate)",150000,165000,The Muse,https://www.themuse.com/jobs/gevernova/turnover-completion-manager-mfd-b2d247,2026-05-13T18:31:31Z,Other Professional,"Job Description Summary Administrative und exekutive Unterstützung. Verantwortlich für die Planung/Ausführung des Abteilungsbetriebs oder konzentriert sich auf die Ausführung von beruflichen Tätigkeiten innerhalb einer technischen Disziplin.Hat eine gewisse Autonomie, wird jedoch von festgelegten Ri"
themuse-21706394,"Sr. Threat Response Specialist, Falcon Complete (Remote, AUS)",CrowdStrike,Flexible / Remote,"$150,000 - $180,000 (Est. Senior Market Rate)",150000,165000,The Muse,https://www.themuse.com/jobs/crowdstrike/sr-threat-response-specialist-falcon-complete-remote-aus,2026-05-12T23:54:02Z,Engineering & Tech,"As a global leader in cybersecurity, CrowdStrike protects the people, processes and technologies that drive modern organizations. Since 2011, our mission hasn't changed - we're here to stop breaches, and we've redefined modern security with the world's most advanced AI-native platform. Our customers"
themuse-21702444,"Senior Agent, Customer Service",Kyndryl,"Bangalore, India, Flexible / Remote","$150,000 - $180,000 (Est. Senior Market Rate)",150000,165000,The Muse,https://www.themuse.com/jobs/kyndryl/senior-agent-customer-service-04629d,2026-05-12T18:50:42Z,Other Professional,"Who We Are At Kyndryl, we run and reimagine the mission-critical technology systems that drive advantage for the world's leading businesses. We are at the heart of progress; with proven expertise and a continuous flow of AI-powered insight, enabling smarter decisions, faster innovation, and a lastin"
themuse-21686201,Enterprise Architect,GE Vernova,"Flexible / Remote, Pinamalayan, Philippines","$150,000 - $180,000 (Est. Senior Market Rate)",150000,165000,The Muse,https://www.themuse.com/jobs/gevernova/enterprise-architect-0b39e1,2026-05-11T18:30:22Z,Engineering & Tech,Job Description Summary Responsible for multiple projects as a project leader or internal consultant. Will lead highly complex projects that require in-depth domain knowledge or two or more specialized architecture areas. Will work across multiple technical or functional domains. Job Description Rol
themuse-21686203,Steam Turbine & Generator Technical Field Advisor,GE Vernova,"Flexible / Remote, Kuala Lumpur, Malaysia","$150,000 - $180,000 (Est. Senior Market Rate)",150000,165000,The Muse,https://www.themuse.com/jobs/gevernova/steam-turbine-generator-technical-field-advisor-790571,2026-05-11T18:30:22Z,Other Professional,"Job Description Summary Alle Ressourcen und die Logistik, die erforderlich sind, um Service- und Wartungsarbeiten vor Ort/auf dem Grundstück des Kunden durchzuführen. Diese Aktivitäten tragen dazu bei, verkaufte oder vorhandene Produkte zu warten, zu reparieren und zu überholen. Beinhaltet alle Arte"
themuse-20346624,Senior Growth Software Engineer,Autodesk,"Flexible / Remote, London, United Kingdom, Oslo, Norway","$150,000 - $180,000 (Est. Senior Market Rate)",150000,165000,The Muse,https://www.themuse.com/jobs/autodesk/senior-growth-software-engineer,2026-05-09T19:42:46Z,Engineering & Tech,"Job Requisition ID # 25WD92032 About the Role We are searching for a strong Growth-focused Software Engineer to our Product Growth team driving user product adoption, engagement and monetisation for our next-generation, AI-powered architecture design product, Forma. In this role, you will sit at the"
themuse-21316686,Senior Account Director - 11213,Coupa,Flexible / Remote,"$150,000 - $180,000 (Est. Senior Market Rate)",150000,165000,The Muse,https://www.themuse.com/jobs/coupa/senior-account-director-11213,2026-05-09T18:29:35Z,Sales & Account Management,Coupa makes margins multiply through its community-generated AI and industry-leading total spend management platform for businesses large and small. Coupa AI is informed by trillions of dollars of direct and indirect spend data across a global network of 10M+ buyers and suppliers. We empower you wit
themuse-21679961,Director Global Account Management - EMS Health Solutions,Flex,Flexible / Remote,"$150,000 - $180,000 (Est. Senior Market Rate)",150000,165000,The Muse,https://www.themuse.com/jobs/flex/director-global-account-management-ems-health-solutions,2026-05-08T20:32:46Z,Sales & Account Management,"Flex is the diversified manufacturing partner of choice that helps market-leading brands design, build and deliver innovative products that improve the world. A career at Flex offers the opportunity to make a difference and invest in your growth in a respectful, inclusive, and collaborative environm"
themuse-21667267,"Senior Manager, SOX Compliance","Equinix, Inc","Dallas, TX, Flexible / Remote","$150,000 - $180,000 (Est. Senior Market Rate)",150000,165000,The Muse,https://www.themuse.com/jobs/equinixinc/senior-manager-sox-compliance,2026-05-07T18:42:44Z,Legal & Compliance,"Who are we? Equinix is the world's digital infrastructure company®, shortening the path to connectivity to enable the innovations that enrich our work, life and planet. A place where bold ideas are welcomed, human connection is valued, and everyone has the opportunity to shape their future. A career"
themuse-21671991,EHS Site Manager (m/f/d) - OstWind 4 Project Land Station,GE Vernova,Flexible / Remote,"$150,000 - $180,000 (Est. Senior Market Rate)",150000,165000,The Muse,https://www.themuse.com/jobs/gevernova/ehs-site-manager-mfd-ostwind-4-project-land-station-8b49fc,2026-05-07T18:32:19Z,Marketing & PR,"Job Description Summary The Site EHS Manager is GE Vernova's lead Environment, Health &amp; Safety representative on site for the execution of an Onshore HVDC Landstation project near Greifswald, Germany. The role is responsible for driving day-to-day EHS aspects with dedicated leadership during sit"
themuse-21667268,"Senior Staff ServiceNow Platform Engineer (ITSM, CSM, ITOM)","Equinix, Inc","Bangalore, India, Flexible / Remote","$150,000 - $180,000 (Est. Senior Market Rate)",150000,165000,The Muse,https://www.themuse.com/jobs/equinixinc/senior-staff-servicenow-platform-engineer-itsm-csm-itom,2026-05-06T18:43:09Z,Engineering & Tech,"Who are we? Equinix is the world's digital infrastructure company®, shortening the path to connectivity to enable the innovations that enrich our work, life and planet. A place where bold ideas are welcomed, human connection is valued, and everyone has the opportunity to shape their future. Help us "
themuse-21661562,Senior Manager - Analytics Data Platform - Arity,Allstate,Flexible / Remote,"$150,000 - $180,000 (Est. Senior Market Rate)",150000,165000,The Muse,https://www.themuse.com/jobs/allstate/senior-manager-analytics-data-platform-arity,2026-05-05T19:00:46Z,Data & Analytics,"At Allstate, great things happen when our people work together to protect families and their belongings from life's uncertainties. And for more than 90 years, our innovative drive has kept us a step ahead of our customers' evolving needs. From advocating for seat belts, air bags and graduated drivin"
themuse-21660588,"Senior Wind Technician- ND1 ( Bowman, ND)",GE Vernova,"Flexible / Remote, Minot, ND","$150,000 - $180,000 (Est. Senior Market Rate)",150000,165000,The Muse,https://www.themuse.com/jobs/gevernova/senior-wind-technician-nd1-bowman-nd,2026-05-05T18:32:47Z,Other Professional,"Job Description Summary GE Vernova Onshore wind power capacity is growing fast and will continue to rise steadily in the coming years. As we continue to grow and develop new and existing wind sites, Onshore Wind has an ongoing need to build our field teams with the right individuals that possess a w"
themuse-21619734,"Lead EIT Engineer (FPSO E-House, offshore/onshore Marine)",GE Vernova,"Flexible / Remote, Jakarta, Indonesia","$150,000 - $180,000 (Est. Senior Market Rate)",150000,165000,The Muse,https://www.themuse.com/jobs/gevernova/lead-eit-engineer-fpso-ehouse-offshoreonshore-marine-a15384,2026-05-05T18:31:21Z,Engineering & Tech,"Job Description Summary Systems Engineering ist eine funktionsübergreifende technische Disziplin, die sich auf einen Ansatz, eine Denkweise und einen Prozess konzentriert. Alle Tätigkeiten, die sowohl die geschäftlichen als auch die technischen Anforderungen der Kunden berücksichtigen, mit dem Ziel,"
themuse-21270903,Technical Specialist - Emerging Technologies (Construction),Autodesk,Flexible / Remote,"$150,000 - $180,000 (Est. Senior Market Rate)",150000,165000,The Muse,https://www.themuse.com/jobs/autodesk/technical-specialist-emerging-technologies-construction,2026-05-01T19:54:01Z,Other Professional,"Job Requisition ID # 26WD99087 Technical Specialist - Emerging Tech (Construction) Technical Specialists (TSs) are integral to the success of Autodesk's Emerging Tech business for Construction. Coming from the AECO industry and/or having worked in the AECO technology industry, you'll utilise your ex"
themuse-19037380,Principal ML Engineer - Embodied AI Scaling Foundations,General Motors,"Flexible / Remote, Mountain View, CA","$150,000 - $180,000 (Est. Senior Market Rate)",150000,165000,The Muse,https://www.themuse.com/jobs/generalmotors/principal-ml-engineer-embodied-ai-scaling-foundations,2026-04-30T20:03:56Z,Engineering & Tech,"Description At General Motors, our product teams are redefining mobility. Through a human-centered design process, we create vehicles and experiences that are designed not just to be seen, but to be felt. We're turning today's impossible into tomorrow's standard -from breakthrough hardware and batte"
themuse-21644823,Senior Datacom Administrator,Kyndryl,"Flexible / Remote, Hortolândia, Brazil, São Paulo, Brazil","$150,000 - $180,000 (Est. Senior Market Rate)",150000,165000,The Muse,https://www.themuse.com/jobs/kyndryl/senior-datacom-administrator,2026-04-30T18:35:41Z,Engineering & Tech,"Who We Are At Kyndryl, we run and reimagine the mission-critical technology systems that drive advantage for the world's leading businesses. We are at the heart of progress; with proven expertise and a continuous flow of AI-powered insight, enabling smarter decisions, faster innovation, and a lastin"
themuse-21639650,Senior Technical Leader - System design (m/f/d),GE Vernova,Flexible / Remote,"$150,000 - $180,000 (Est. Senior Market Rate)",150000,165000,The Muse,https://www.themuse.com/jobs/gevernova/senior-technical-leader-system-design-mfd-7b087e,2026-04-29T18:31:13Z,Engineering & Tech,Job Description Summary About GE Grid Solutions: At GE Grid Solutions we are electrifying the world with advanced grid technologies. As leaders in the energy space our goal is to accelerate the transition for a more energy efficient grid to full fill the needs of tomorrow. With a focus on growth and
themuse-21638630,Service Sales Team Lead,Hitachi Energy,Flexible / Remote,"$150,000 - $180,000 (Est. Senior Market Rate)",150000,165000,The Muse,https://www.themuse.com/jobs/hitachienergy/service-sales-team-lead,2026-04-28T23:44:26Z,Sales & Account Management,"The opportunity Hitachi Energy is entering an exciting phase of growth in our UK Service organisation, and we're looking for a Service Sales Team Lead who wants to shape the future of our service business while developing a high-performing sales team. Reporting to the UK LSU Service Sales Manager, y"
themuse-21625122,Lead Mechanical Engineer - Electrical Modules Project,GE Vernova,"Flexible / Remote, Jakarta, Indonesia","$150,000 - $180,000 (Est. Senior Market Rate)",150000,165000,The Muse,https://www.themuse.com/jobs/gevernova/lead-mechanical-engineer-electrical-modules-project-b14986,2026-04-25T18:31:39Z,Engineering & Tech,"Job Description Summary Systems Engineering ist eine funktionsübergreifende technische Disziplin, die sich auf einen Ansatz, eine Denkweise und einen Prozess konzentriert. Alle Tätigkeiten, die sowohl die geschäftlichen als auch die technischen Anforderungen der Kunden berücksichtigen, mit dem Ziel,"
themuse-21369271,Partner Sales Director - US Public Sector,Celonis,Flexible / Remote,"$150,000 - $180,000 (Est. Senior Market Rate)",150000,165000,The Muse,https://www.themuse.com/jobs/celonis/partner-sales-director-us-public-sector,2026-04-23T18:41:27Z,Design & Creative,"Celonis is the global leader in Process Intelligence and the pioneer of Process Mining technology. As one of the world’s fastest-growing enterprise SaaS companies, we are changemakers pushing the boundaries of what’s possible. We invest heavily in advanced AI capabilities—specifically our Process In"
themuse-21609117,"Director, Business Development","Equinix, Inc","Flexible / Remote, Toronto, Canada","$150,000 - $180,000 (Est. Senior Market Rate)",150000,165000,The Muse,https://www.themuse.com/jobs/equinixinc/director-business-development-7506b7,2026-04-22T18:42:34Z,Sales & Account Management,"Who are we? Equinix is the world's digital infrastructure company®, shortening the path to connectivity to enable the innovations that enrich our work, life and planet. A place where bold ideas are welcomed, human connection is valued, and everyone has the opportunity to shape their future. A career"
themuse-21608493,Robotics and Automation Leader,GE Vernova,Flexible / Remote,"$150,000 - $180,000 (Est. Senior Market Rate)",150000,165000,The Muse,https://www.themuse.com/jobs/gevernova/robotics-and-automation-leader-536927,2026-04-22T18:32:50Z,Other Professional,"Job Description Summary Engineering im Zusammenhang mit dem Herstellungsprozess. Beeinträchtigt die Fähigkeit des Teams, Service, Qualität und Aktualität der Ziele zu erreichen.Die Rolle unterliegt operativen Richtlinienzielen.Innerhalb der Rolle besteht eine moderate Autonomie.Um die gewünschten Er"
themuse-21606950,Senior Account Executive - Informatica,Salesforce,Flexible / Remote,"$150,000 - $180,000 (Est. Senior Market Rate)",150000,165000,The Muse,https://www.themuse.com/jobs/salesforce/senior-account-executive-informatica-dfeb7d,2026-04-21T20:40:29Z,Sales & Account Management,"To get the best candidate experience, please consider applying for a maximum of 3 roles within 12 months to ensure you are not duplicating efforts. Job Category Sales Job Details About Salesforce Salesforce is the #1 AI CRM, where humans with agents drive customer success together. Here, ambition me"
themuse-21603659,"Senior Director, AI Engineering","Equinix, Inc","Dallas, TX, Flexible / Remote","$150,000 - $180,000 (Est. Senior Market Rate)",150000,165000,The Muse,https://www.themuse.com/jobs/equinixinc/senior-director-ai-engineering,2026-04-21T18:59:13Z,Engineering & Tech,"Who are we? Equinix is the world's digital infrastructure company®, shortening the path to connectivity to enable the innovations that enrich our work, life and planet. A place where tech thinkers and future builders turn bold ideas into breakthrough experiences, we welcome your unique perspective. "
themuse-20587422,Senior Postgres en MongoDB Ontwerper,Kyndryl,"Flexible / Remote, Hoofddorp, Netherlands","$150,000 - $180,000 (Est. Senior Market Rate)",150000,165000,The Muse,https://www.themuse.com/jobs/kyndryl/senior-postgres-en-mongodb-ontwerper,2026-04-21T18:51:48Z,Other Professional,"Who We Are At Kyndryl, we run and reimagine the mission-critical technology systems that drive advantage for the world's leading businesses. We are at the heart of progress; with proven expertise and a continuous flow of AI-powered insight, enabling smarter decisions, faster innovation, and a lastin"
themuse-21589341,"Manager, Product Management - Data Pipeline & Integration",Celonis,Flexible / Remote,"$150,000 - $180,000 (Est. Senior Market Rate)",150000,165000,The Muse,https://www.themuse.com/jobs/celonis/manager-product-management-data-pipeline-integration,2026-04-17T18:48:40Z,Data & Analytics,"Celonis is the global leader in Process Intelligence and the pioneer of Process Mining technology. As one of the world’s fastest-growing enterprise SaaS companies, we are changemakers pushing the boundaries of what’s possible. We invest heavily in advanced AI capabilities—specifically our Process In"
themuse-21583433,"Senior Vice President, Data Science & Analytics",Experian,"Flexible / Remote, Gunnison, CO","$150,000 - $180,000 (Est. Senior Market Rate)",150000,165000,The Muse,https://www.themuse.com/jobs/experian/senior-vice-president-data-science-analytics,2026-04-16T18:39:24Z,Data & Analytics,"Company Description Experian is a global data and technology company, powering opportunities for people and businesses around the world. We help to redefine lending practices, uncover and prevent fraud, simplify healthcare, create marketing solutions, and gain deeper insights into the automotive mar"
themuse-21583108,Lead GIS Supervisor,GE Vernova,Flexible / Remote,"$150,000 - $180,000 (Est. Senior Market Rate)",150000,165000,The Muse,https://www.themuse.com/jobs/gevernova/lead-gis-supervisor-f58e0c,2026-04-16T18:32:27Z,Engineering & Tech,"Job Description Summary Job Description Lead GIS Supervisor GE Vernova is looking for an exceptional Lead GIS Supervisor to join our Field Services team based in the United Kingdom. GE Vernova - The Energy to Change the World With over 130 years of experience and proven innovation, GE Vernova is lea"
themuse-21564237,Communications Lead,SpaceX,Flexible / Remote,"$150,000 - $180,000 (Est. Senior Market Rate)",150000,165000,The Muse,https://www.themuse.com/jobs/spacex/communications-lead-c3744f,2026-04-13T23:32:30Z,Marketing & PR,"SpaceX was founded under the belief that a future where humanity is out exploring the stars is fundamentally more exciting than one where we are not. Today SpaceX is actively developing the technologies to make this possible, with the ultimate goal of&nbsp;enabling human life on Mars. COMMUNICATIONS"
themuse-21565952,Director of Finance,InfluxData,Flexible / Remote,"$150,000 - $180,000 (Est. Senior Market Rate)",150000,165000,The Muse,https://www.themuse.com/jobs/influxdata/director-of-finance,2026-04-11T19:22:35Z,Sales & Account Management,"InfluxData is the creator of InfluxDB, the leading time series platform used to collect, store, and analyze all time series data at any scale. Developers can query and analyze their time-stamped data in real-time to discover, interpret, and share new insights to gain a competitive edge. InfluxData i"
themuse-21517491,Treasury Manager,"Equinix, Inc","Flexible / Remote, Toronto, Canada","$150,000 - $180,000 (Est. Senior Market Rate)",150000,165000,The Muse,https://www.themuse.com/jobs/equinixinc/treasury-manager-27232f,2026-04-09T18:46:14Z,HR & Operations,"Who are we? Equinix is the world's digital infrastructure company®, shortening the path to connectivity to enable the innovations that enrich our work, life and planet. A place where bold ideas are welcomed, human connection is valued, and everyone has the opportunity to shape their future. A career"
themuse-21509024,GSI Global Engineering Leader,GE Vernova,Flexible / Remote,"$150,000 - $180,000 (Est. Senior Market Rate)",150000,165000,The Muse,https://www.themuse.com/jobs/gevernova/gsi-global-engineering-leader-9bea6c,2026-04-02T18:36:31Z,Engineering & Tech,"Job Description Summary Job Description Role Overview The GSI Global Engineering Leader is a senior leader position focused on driving the strategic transformation of engineering operations across a global organization. The role carries responsibility for approximately 300 direct and 1,500 indirect "
themuse-21449966,Inside Sales Specialist,GE Vernova,"Flexible / Remote, Umm Şalāl Muḩammad, Qatar","$150,000 - $180,000 (Est. Senior Market Rate)",150000,165000,The Muse,https://www.themuse.com/jobs/gevernova/inside-sales-specialist-5a8f94,2026-03-19T18:31:33Z,Sales & Account Management,"Job Description Summary En tant qu'équipement client, installations ou projets d'infrastructure connexes : responsable de l'exécution du projet, de la comptabilité des résultats et de la satisfaction de la clientèle par la gestion des activités et des ressources liées au projet. Responsable de la pl"
themuse-19654051,"Director, Consult Partner 保険業界, Insurance Sector",Kyndryl,"Flexible / Remote, Tokyo, Japan","$150,000 - $180,000 (Est. Senior Market Rate)",150000,165000,The Muse,https://www.themuse.com/jobs/kyndryl/director-consult-partner-insurance-sector,2026-03-05T18:37:04Z,Engineering & Tech,"Who We Are At Kyndryl, we run and reimagine the mission-critical technology systems that drive advantage for the world's leading businesses. We are at the heart of progress; with proven expertise and a continuous flow of AI-powered insight, enabling smarter decisions, faster innovation, and a lastin"
themuse-21364982,DB2 z/OS DBA and System Programmer Senior SME,Kyndryl,"Flexible / Remote, Wroclaw, Poland","$150,000 - $180,000 (Est. Senior Market Rate)",150000,165000,The Muse,https://www.themuse.com/jobs/kyndryl/db2-zos-dba-and-system-programmer-senior-sme,2026-03-04T18:38:05Z,Engineering & Tech,"Who We Are At Kyndryl, we run and reimagine the mission-critical technology systems that drive advantage for the world's leading businesses. We are at the heart of progress; with proven expertise and a continuous flow of AI-powered insight, enabling smarter decisions, faster innovation, and a lastin"
themuse-21260683,Senior Software Engineer,Appfire,Flexible / Remote,"$150,000 - $180,000 (Est. Senior Market Rate)",150000,165000,The Muse,https://www.themuse.com/jobs/appfire/senior-software-engineer-bb5c62,2026-02-09T23:34:14Z,Engineering & Tech,"At Appfire, we believe that great work happens when people get to choose how they work. After 20 years of creating software that empowers teams to break silos and collaborate seamlessly, we've learned that one size does not fit all. That's why at Appfire, you choose. Choose to work where you thrive:"
themuse-21113430,Director of Product Management,Appfire,Flexible / Remote,"$150,000 - $180,000 (Est. Senior Market Rate)",150000,165000,The Muse,https://www.themuse.com/jobs/appfire/director-of-product-management-5470d4,2026-01-29T23:33:04Z,Marketing & PR,"At Appfire, we believe that great work happens when people get to choose how they work. After 20 years of creating software that empowers teams to break silos and collaborate seamlessly, we've learned that one size does not fit all. That's why at Appfire, you choose. Choose to work where you thrive:"
themuse-21092793,Deputy Site manager/ Adjoint Chef de Chantier,GE Vernova,"Canada, Flexible / Remote","$150,000 - $180,000 (Est. Senior Market Rate)",150000,165000,The Muse,https://www.themuse.com/jobs/gevernova/deputy-site-manager-adjoint-chef-de-chantier-85814d,2026-01-13T18:31:33Z,Other Professional,"Job Description Summary Le/la Adjoint(e) Gestionnaire de chantier, qui relève du Gestionnaire de chantier, supporteras l'exécution sur site des projets de turbines hydrauliques et alternateurs. Les responsabilités comprennent, sans s'y limiter, la planification de l'ESS, la stratégie d'exécution, le"
themuse-21078165,"Corporate Account Manager (Remote, IDN)",CrowdStrike,Flexible / Remote,"$150,000 - $180,000 (Est. Senior Market Rate)",150000,165000,The Muse,https://www.themuse.com/jobs/crowdstrike/corporate-account-manager-remote-idn,2026-01-10T00:06:35Z,Other Professional,"As a global leader in cybersecurity, CrowdStrike protects the people, processes and technologies that drive modern organizations. Since 2011, our mission hasn't changed - we're here to stop breaches, and we've redefined modern security with the world's most advanced AI-native platform. Our customers"
themuse-20806689,"Director, Product Marketing - NG-SIEM (Remote)",CrowdStrike,Flexible / Remote,"$150,000 - $180,000 (Est. Senior Market Rate)",150000,165000,The Muse,https://www.themuse.com/jobs/crowdstrike/director-product-marketing-ngsiem-remote,2025-12-24T00:05:26Z,Marketing & PR,"As a global leader in cybersecurity, CrowdStrike protects the people, processes and technologies that drive modern organizations. Since 2011, our mission hasn't changed - we're here to stop breaches, and we've redefined modern security with the world's most advanced AI-native platform. Our customers"
themuse-20821886,Senior Logistics Analyst and Modeller,Northrop Grumman,Flexible / Remote,"$150,000 - $180,000 (Est. Senior Market Rate)",150000,165000,The Muse,https://www.themuse.com/jobs/northropgrumman/senior-logistics-analyst-and-modeller,2025-12-21T20:00:33Z,Data & Analytics,"AUSTRALIAN CITIZENSHIP REQUIRED FOR THIS POSITION: YesRELOCATION ASSISTANCE: No relocation assistance availableCLEARANCE TYPE: AU- Secret (NV1)TRAVEL: Yes, 10% of the Time Description Your Role: * The Senior Logistics Analyst and Modeller within the Logistics Optimisation and Enablement team contrib"
themuse-20431026,Digital Delivery Manager,M2 Technologies,Flexible / Remote,"$150,000 - $180,000 (Est. Senior Market Rate)",150000,165000,The Muse,https://www.themuse.com/jobs/m2technologies/digital-delivery-manager-0c00a7,2025-12-12T23:32:57Z,Other Professional,"What kind of candidate are we looking for?&nbsp; &nbsp; Symetri is looking for a Digital Delivery Manager to join our consulting team and assist large Owner clients in their capital projects. You will work alongside our clients full time and engage with the entire vendor ecosystem, including the own"
themuse-20899731,Digital Product Manager - Network Connectivity,Allstate,Flexible / Remote,"$150,000 - $180,000 (Est. Senior Market Rate)",150000,165000,The Muse,https://www.themuse.com/jobs/allstate/digital-product-manager-network-connectivity-3f02a7,2025-12-11T18:59:14Z,Product & Project Management,"At Allstate, great things happen when our people work together to protect families and their belongings from life's uncertainties. And for more than 90 years, our innovative drive has kept us a step ahead of our customers' evolving needs. From advocating for seat belts, air bags and graduated drivin"
themuse-20542358,"Senior Director - Advanced Analytics, Casualty",Liberty Mutual Insurance,"Boston, MA, Chandler, AZ, Columbus, OH, Flexible / Remote, Indianapolis, IN, Orlando, FL, Plano, TX","$150,000 - $180,000 (Est. Senior Market Rate)",150000,165000,The Muse,https://www.themuse.com/jobs/libertymutualinsurance/senior-director-advanced-analytics-casualty-37f5a7,2025-10-28T20:10:09Z,Data & Analytics,"Description Ready to lead a high-impact analytics organization that drives change at the highest levels? We're looking for an energetic, strategic analytics leader to build and run enterprise-scale, cross-functional initiatives that transform how our Casualty Business Unit (SBU) make decisions. The "
themuse-19507932,Customer Success Area Lead,Salesforce,Flexible / Remote,"$150,000 - $180,000 (Est. Senior Market Rate)",150000,165000,The Muse,https://www.themuse.com/jobs/salesforce/customer-success-area-lead-f8508b,2025-10-13T20:19:25Z,Other Professional,"To get the best candidate experience, please consider applying for a maximum of 3 roles within 12 months to ensure you are not duplicating efforts. Job Category Customer Success Job Details About Salesforce Salesforce is the #1 AI CRM, where humans with agents drive customer success together. Here, "
themuse-20368651,"Senior Product Manager, Identity and Fraud Analytics",Experian,"Costa Mesa, CA, Flexible / Remote","$150,000 - $180,000 (Est. Senior Market Rate)",150000,165000,The Muse,https://www.themuse.com/jobs/experian/senior-product-manager-identity-and-fraud-analytics-397ebc,2025-10-02T18:34:18Z,Data & Analytics,"Company Description Experian is a global data and technology company, powering opportunities for people and businesses around the world. We help to redefine lending practices, uncover and prevent fraud, simplify healthcare, create marketing solutions, and gain deeper insights into the automotive mar"
themuse-20242519,Senior Technical Claims Specialist - Rideshare Commerical Claims Complex Injury,Liberty Mutual Insurance,"Boston, MA, Chandler, AZ, Flexible / Remote, Hoffman Estates, IL, Indianapolis, IN, Las Vegas, NV, Plano, TX, Simsbury, CT, Suwanee, GA, Westborough, MA","$150,000 - $180,000 (Est. Senior Market Rate)",150000,165000,The Muse,https://www.themuse.com/jobs/libertymutualinsurance/senior-technical-claims-specialist-rideshare-commerical-claims-complex-injury-5f1fc3,2025-09-13T20:01:02Z,Other Professional,"Description Are you a seasoned claims professional looking to make a bigger impact? Join Liberty Mutual as a Senior Technical Claims Specialist, and take ownership of complex Commercial Casualty Claims from start to finish. This is a high visibility role where your expertise, judgment and leadership"
themuse-19516365,Senior Technical Architect,Salesforce,Flexible / Remote,"$150,000 - $180,000 (Est. Senior Market Rate)",150000,165000,The Muse,https://www.themuse.com/jobs/salesforce/senior-technical-architect-8a8531,2025-07-12T12:51:12Z,Engineering & Tech,"To get the best candidate experience, please consider applying for a maximum of 3 roles within 12 months to ensure you are not duplicating efforts. Job Category Customer Success Job Details About Salesforce We're Salesforce, the Customer Company, inspiring the future of business with AI+ Data +CRM. "
themuse-19498764,DACH Associate Customer Success Manager (Scaled team),HubSpot,Flexible / Remote,"$150,000 - $180,000 (Est. Senior Market Rate)",150000,165000,The Muse,https://www.themuse.com/jobs/hubspot/dach-associate-customer-success-manager-scaled-team-b72c0f,2025-07-10T12:52:18Z,Other Professional,"POS-29265 POS-29265 If your idea of Customer Success is rooted in an intrinsic motivation to help others find solutions to their challenges, we should talk. Our mission is to drive an exceptional experience and sustained value for HubSpot customers through building trust, increase product adoption a"
themuse-18220754,"Director, Data Science, Personal Lines Auto Modeling",Liberty Mutual Insurance,"Boston, MA, Flexible / Remote, Seattle, WA","$150,000 - $180,000 (Est. Senior Market Rate)",150000,165000,The Muse,https://www.themuse.com/jobs/libertymutualinsurance/director-data-science-personal-lines-auto-modeling-2e22be,2025-04-02T21:26:11Z,Data & Analytics,"Pay Philosophy The typical starting salary range for this role is determined by a number of factors including skills, experience, education, certifications and location. The full salary range for this role reflects the competitive labor market value for all employees in these positions across the na"
themuse-18302251,Senior Mainframe z/OS System Administrator,Kyndryl,"Bangalore, India, Chennai, India, Flexible / Remote, Hyderabad, India","$150,000 - $180,000 (Est. Senior Market Rate)",150000,165000,The Muse,https://www.themuse.com/jobs/kyndryl/senior-mainframe-zos-system-administrator,2025-03-25T11:35:14Z,Engineering & Tech,"Who We Are At Kyndryl, we design, build, manage and modernize the mission-critical technology systems that the world depends on every day. So why work at Kyndryl? We are always moving forward - always pushing ourselves to go further in our efforts to build a more equitable, inclusive world for our e"
themuse-17980914,Detection & Investigation Analyst Lead - FIU Operations Model Liaison Analyst Team,PNC,Flexible / Remote,"$150,000 - $180,000 (Est. Senior Market Rate)",150000,165000,The Muse,https://www.themuse.com/jobs/pnc/detection-investigation-analyst-lead-fiu-operations-model-liaison-analyst-team,2025-03-07T11:44:49Z,Data & Analytics,"Position Overview At PNC, our people are our greatest differentiator and competitive advantage in the markets we serve. We are all united in delivering the best experience for our customers. We work together each day to foster an inclusive workplace culture where all of our employees feel respected,"
themuse-18034081,"Associate Director, Change Management- S4 Hana (Remote)",RTX,Flexible / Remote,"$150,000 - $180,000 (Est. Senior Market Rate)",150000,165000,The Muse,https://www.themuse.com/jobs/rtx/associate-director-change-management-s4-hana-remote,2025-02-27T13:03:14Z,Other Professional,"Date Posted: 2025-02-26 Country: United States of America Location: HMO99: Field Office - MO Remote Location, Remote City, MO, 65043 USA Position Role Type: Remote Collins Aerospace is seeking an experienced change management professional to drive the change management strategy across multiple works"
themuse-17953785,"Lead Product Designer, User Experience",Liberty Mutual Insurance,"Boston, MA, Flexible / Remote, Indianapolis, IN, Portsmouth, NH","$150,000 - $180,000 (Est. Senior Market Rate)",150000,165000,The Muse,https://www.themuse.com/jobs/libertymutualinsurance/lead-product-designer-user-experience,2025-02-20T00:40:25Z,Design & Creative,"Pay Philosophy The typical starting salary range for this role is determined by a number of factors including skills, experience, education, certifications and location. The full salary range for this role reflects the competitive labor market value for all employees in these positions across the na"
themuse-17753667,"Principal Backend Engineer, Jira Work Management",Atlassian,"Auckland, New Zealand, Flexible / Remote, Sydney, Australia","$150,000 - $180,000 (Est. Senior Market Rate)",150000,165000,The Muse,https://www.themuse.com/jobs/atlassian/principal-backend-engineer-jira-work-management,2025-02-01T03:14:05Z,Engineering & Tech,"Working at Atlassian Atlassian can hire people in any country where we have a legal entity. Assuming you have eligible working rights and a sufficient time zone overlap with your team, you can choose to work remotely or from an office (unless it's necessary for your role to be performed in the offic"
themuse-17734562,"Lead, Infrastructure Specialist",Kyndryl,"Flexible / Remote, Tokyo, Japan","$150,000 - $180,000 (Est. Senior Market Rate)",150000,165000,The Muse,https://www.themuse.com/jobs/kyndryl/lead-infrastructure-specialist-0a6145,2025-01-29T23:36:52Z,Engineering & Tech,"Who We Are At Kyndryl, we design, build, manage and modernize the mission-critical technology systems that the world depends on every day. So why work at Kyndryl? We are always moving forward - always pushing ourselves to go further in our efforts to build a more equitable, inclusive world for our e"
themuse-17696143,SAP Warehouse Management / Fiori Business Systems Expert  (REMOTE),RTX,Flexible / Remote,"$150,000 - $180,000 (Est. Senior Market Rate)",150000,165000,The Muse,https://www.themuse.com/jobs/rtx/sap-warehouse-management-fiori-business-systems-expert-remote,2025-01-27T12:50:46Z,Other Professional,"Date Posted: 2025-01-26 Country: United States of America Location: RTX99: RTN Remote, Texas Position Role Type: Remote RTX Corporation is an Aerospace and Defense company that provides advanced systems and services for commercial, military and government customers worldwide. It comprises three indu"
themuse-17166984,Surety Senior Underwriter,Liberty Mutual Insurance,"Charlotte, NC, Flexible / Remote, St. Petersburg, FL","$150,000 - $180,000 (Est. Senior Market Rate)",150000,165000,The Muse,https://www.themuse.com/jobs/libertymutualinsurance/surety-senior-underwriter-6d4482,2025-01-24T13:15:29Z,Other Professional,"Pay Philosophy The typical starting salary range for this role is determined by a number of factors including skills, experience, education, certifications and location. The full salary range for this role reflects the competitive labor market value for all employees in these positions across the na"
themuse-17523821,Customer Technology Advisor,Kyndryl,"Flexible / Remote, London, United Kingdom","$150,000 - $180,000 (Est. Senior Market Rate)",150000,165000,The Muse,https://www.themuse.com/jobs/kyndryl/customer-technology-advisor-4a0e74,2025-01-04T23:35:51Z,Other Professional,"Who We Are At Kyndryl, we design, build, manage and modernize the mission-critical technology systems that the world depends on every day. So why work at Kyndryl? We are always moving forward - always pushing ourselves to go further in our efforts to build a more equitable, inclusive world for our e"
themuse-6480626,Senior QA Engineer,Bluecore,Flexible / Remote,"$150,000 - $180,000 (Est. Senior Market Rate)",150000,165000,The Muse,https://www.themuse.com/jobs/bluecore/senior-qa-engineer,2024-11-01T23:53:37Z,Engineering & Tech,"Bluecore is a marketing technology company that’s reimagining how the world’s fastest growing retail brands transform casual shoppers into lifetime customers. Through our patented retail data model and the recent release of Bluecore Communicate™ and Bluecore Site™, we replace manual processes with a"
themuse-21509330,Lead Consultant - Public Sector,Celonis,Flexible / Remote,"$162,000",162000,162000,The Muse,https://www.themuse.com/jobs/celonis/lead-consultant-public-sector,2026-04-16T18:38:54Z,Data & Analytics,"Celonis is the global leader in Process Intelligence and the pioneer of Process Mining technology. As one of the world’s fastest-growing enterprise SaaS companies, we are changemakers pushing the boundaries of what’s possible. We invest heavily in advanced AI capabilities—specifically our Process In"
themuse-20159185,Manager Engineering 1,Northrop Grumman,Flexible / Remote,"$107,300.00 - $160,900.00",107300,160900,The Muse,https://www.themuse.com/jobs/northropgrumman/manager-engineering-1-a78468,2025-09-10T20:15:37Z,Engineering & Tech,"RELOCATION ASSISTANCE: Relocation assistance may be availableCLEARANCE TYPE: SecretTRAVEL: Yes, 50% of the Time Description At Northrop Grumman, our employees have incredible opportunities to work on revolutionary systems that impact people's lives around the world today, and for generations to come"
themuse-21771782,Web Development Lead,Trupanion,"Flexible / Remote, Seattle, WA","$150,000-$160,000",150000,160000,The Muse,https://www.themuse.com/jobs/trupanion/web-development-lead-3ffca6,2026-05-27T18:30:15Z,Engineering & Tech,"Company Description Trupanion is a leading provider of medical insurance for cats and dogs in North America. Our mission is to help loving, responsible pet owners budget and care for their pets. At Trupanion, we offer a collaborative, casual, and pet-friendly environment where everyone is encouraged"
themuse-21603395,"Business Development Lead, Care Partnerships",Headway,Flexible / Remote,$110-$160K,110,160000,The Muse,https://www.themuse.com/jobs/headway/business-development-lead-care-partnerships,2026-05-15T18:34:38Z,Design & Creative,"1 in 4 people in the US have a treatable mental health condition, but most providers don't accept insurance, making therapy too expensive for most people. Headway’s mission is to fix this by building a new mental healthcare system everyone can access. We started by solving the biggest barrier to car"
themuse-19535349,"Director of Business Development - Facilities Services - Higher Education - EAST, Remote",Aramark,"Flexible / Remote, Philadelphia, PA","$130,000 to $160,000",130000,160000,The Muse,https://www.themuse.com/jobs/aramark/director-of-business-development-facilities-services-higher-education-east-remote,2025-07-28T22:43:14Z,Sales & Account Management,"Job Description As Director of Business Development - Facilities, you will have an opportunity to lead new business pursuits with Higher Education prospect clients, and work closely with our Sales and the Facilities Leadership Teams in developing overall sales strategies within Aramark?s Facilities "
themuse-21817811,Field Engineer,Leidos,Flexible / Remote,"$87,100.00 - $157,450.00",87100,157450,The Muse,https://www.themuse.com/jobs/leidos/field-engineer-2fd1e2,2026-06-05T18:56:58Z,Engineering & Tech,"Description As one of Leidos' oldest and largest programs supporting the Federal Aviation Administration (FAA), the NAS Integration Support Contract (NISC) Program is seeking a qualified professional to support the FAA's Brand-New Air Traffic Control System (BNATCS) initiative-specifically the Radar"
themuse-21281822,Senior Distribution Planning and Analysis Engineer,Leidos,Flexible / Remote,"$87,100.00 - $157,450.00",87100,157450,The Muse,https://www.themuse.com/jobs/leidos/senior-distribution-planning-and-analysis-engineer-9cd95c,2026-05-05T18:58:39Z,Engineering & Tech,"Description Senior Distribution Planning and Analysis Engineer Leidos Engineering is seeking a (REMOTE) Senior Distribution Planning and Analysis Engineer to join our distribution planning team. It is expected that this role will involve the execution of distribution planning, distributed energy res"
themuse-20431043,Senior Machine Learning Engineer - Platform,Samsara Inc.,Flexible / Remote,"$157,250",157250,157250,The Muse,https://www.themuse.com/jobs/samsarainc/senior-machine-learning-engineer-platform,2026-04-08T18:48:02Z,Engineering & Tech,"Who we are Samsara (NYSE: IOT) is the pioneer of the Connected Operations™ Cloud, which is a platform that enables organizations that depend on physical operations to harness Internet of Things (IoT) data to develop actionable insights and improve their operations. At Samsara, we are helping improve"
themuse-21769752,Ingénieur Électrique Poste Électrique - Electrical Substation Engineer,GE Vernova,Flexible / Remote,"$105,300 - 155,300",105300,155300,The Muse,https://www.themuse.com/jobs/gevernova/ingenieur-electrique-poste-electrique-electrical-substation-engineer-8ce529,2026-06-10T18:30:42Z,Engineering & Tech,Job Description Summary ENGLISH below L'ingénierie électrique en poste électrique est responsable de l'exécution technique détaillée de projets de conception de postes haute tension et de la livraison de solutions d'ingénierie de qualité aux client/es. Ce rôle prend en charge tous les aspects techni
themuse-21747428,"Legal Operations Lead, Contract Systems",DoorDash,Flexible / Remote,"$105,400-$155,000",105400,155000,The Muse,https://www.themuse.com/jobs/doordash/legal-operations-lead-contract-systems,2026-06-04T19:35:56Z,Data & Analytics,"About the Team Our Legal Team has built a reputation within the company for our supportive approach to counseling. We're a group of seasoned business-forward legal professionals, who work collaboratively, have a healthy sense of humor, are humble, and are kind to one another and our clients. A key p"
themuse-21806544,Account Executive - State & Local CA/NV/ID,Celonis,Flexible / Remote,"$155,000",155000,155000,The Muse,https://www.themuse.com/jobs/celonis/account-executive-state-local-canvid,2026-06-03T18:37:21Z,Sales & Account Management,"Celonis is the global leader in Process Intelligence and the pioneer of Process Mining technology. As one of the world’s fastest-growing enterprise SaaS companies, we are changemakers pushing the boundaries of what’s possible. We invest heavily in advanced AI capabilities—specifically our Process In"
themuse-21805419,Business Operations Lead,Headway,Flexible / Remote,"$105,400 - $155,000",105400,155000,The Muse,https://www.themuse.com/jobs/headway/business-operations-lead-0a9987,2026-06-02T23:36:59Z,HR & Operations,"1 in 4 people in the US have a treatable mental health condition, but most providers don't accept insurance, making therapy too expensive for most people. Headway’s mission is to fix this by building a new mental healthcare system everyone can access. We started by solving the biggest barrier to car"
themuse-17898834,Senior Producer - Horizon Worlds,Meta,Flexible / Remote,"$154,000/year",154000,154000,The Muse,https://www.themuse.com/jobs/meta/senior-producer-horizon-worlds-3bddbf,2025-03-08T00:35:09Z,Marketing & PR,"As a Producer at Meta, you'll play a critical role in building the future of the metaverse through gaming. You'll engage, support, and serve as the primary manager between Meta and key game developers and content partners. You have extensive game development experience and experience managing third "
themuse-18514969,Energy AI Transformation Solution Architect,Leidos,Flexible / Remote,"$85,150.00 - $153,925.00",85150,153925,The Muse,https://www.themuse.com/jobs/leidos/energy-ai-transformation-solution-architect,2025-04-12T23:44:29Z,Engineering & Tech,"Description Leidos, a Fortune 500 company, and leader in the Energy Infrastructure and Automation market, is seeking to hire an Energy Automation Solution Architect to join our team. This a great opportunity for someone with broad skills across technical, management, and business process transformat"
themuse-17921381,Healthcare IT & AI/ML Integration Data Engineer,Leidos,Flexible / Remote,"$85,150.00 - $153,925.00",85150,153925,The Muse,https://www.themuse.com/jobs/leidos/healthcare-it-aiml-integration-data-engineer-e4e64f,2025-02-15T23:44:27Z,Engineering & Tech,"Description We are seeking an experienced Healthcare IT &amp; AI/ML Data Engineer to join our team in modernizing data collection, aggregation, and analysis for the Centers for Medicare and Medicaid Services (CMS) . As an IT integrator contractor supporting application development teams and business"
themuse-21197828,"Director, Business Development - Medical Device",Flex,Flexible / Remote,"$153,300.00",153300,153300,The Muse,https://www.themuse.com/jobs/flex/director-business-development-medical-device,2026-03-20T20:03:34Z,Sales & Account Management,"Job Posting Start Date 03-19-2026 Job Posting End Date 06-30-2026 Flex is the diversified manufacturing partner of choice that helps market-leading brands design, build and deliver innovative products that improve the world. A career at Flex offers the opportunity to make a difference and invest in "
themuse-21672355,"Director, Customer Support Systems",GitLab,Flexible / Remote,"$152,800",152800,152800,The Muse,https://www.themuse.com/jobs/gitlab/director-customer-support-systems,2026-05-27T23:33:38Z,Sales & Account Management,"GitLab is the intelligent orchestration platform for DevSecOps. GitLab enables organizations to increase developer productivity, improve operational efficiency, reduce security and compliance risk, and accelerate digital transformation. More than 50 million registered users and more than 50% of the "
themuse-21503183,"Director of Marketing, HSA",Health-E Commerce,Flexible / Remote,"$120,000 - $150,000",120000,150000,The Muse,https://www.themuse.com/jobs/healthecommerce/director-of-marketing-hsa,2026-06-05T18:38:03Z,Marketing & PR,"About the role Health-E Commerce is seeking a strategic, results-oriented Director of Marketing to lead growth and marketing strategy for HSA Store. This role owns the development and execution of integrated marketing programs that accelerate revenue growth, strengthen brand differentiation, and exp"
themuse-21141592,Manufacturing Quality Engineer,Meta,Flexible / Remote,"$150,000/year",150000,150000,The Muse,https://www.themuse.com/jobs/meta/manufacturing-quality-engineer-8a398c,2026-01-28T19:29:02Z,Engineering & Tech,"This role is responsible for the generation, implementation, and management of a Manufacturing focused Meta Quality Program, by establishing a Quality Program that is focused on people, processes and accountability through influential vendor management and effective partnerships with site-based stak"